0,HTML,234
1,Java,225
2,PHP,218
3,SQL,217
4,MySQL,214
5,Windows,189
6,MS,177
7,Word,177
8,CSS,176
9,Excel,174
10,Linux,153
11,ASP,147
12,C#,143
13,.NET,143
14,C,141
15,C++,136
16,Script,128
17,PowerPoint,127
18,Server,115
19,Outlook,96
20,Android,90
21,JavaScript,85
22,AJAX,82
23,Adobe,77
24,XP,75
25,Web,72
26,Visual,70
27,jQuery,69
28,APP,67
29,.net,64
30,iOS,61
31,Dreamweaver,60
32,Photoshop,53
33,XML,52
34,PC,52
35,Visual
Basic,50
36,Oracle,49
37,ERP,48
38,Flash,48
39,App,45
40,DHTML,43
41,VB,42
42,Internet,41
43,Illustrator,40
44,MVC,40
45,JSP,39
46,API,38
47,Javascript,37
48,Studio,37
49,and,35
50,or,34
51,IP,34
52,Access,33
53,Explorer,32
54,TCP,32
55,D,32
56,Objective,32
57,JAVA,31
58,Acrobat,31
59,php,29
60,Vista,29
61,UI,28
62,OS,28
63,a,28
64,FrontPage,27
65,com,26
66,CCNA,26
67,for,24
68,Project,24
69,Visio,24
70,test,23
71,Mac,23
72,.Net,23
73,in,23
74,with,23
75,HTTP,22
76,NT,22
77,the,22
78,to,22
79,Bug,21
80,MSSQL,21
81,Microsoft,21
82,function,20
83,DNS,20
84,web,20
85,Ajax,20
86,team,20
87,AutoCAD,20
88,tracking,19
89,MIS,19
90,on,19
91,Google,19
92,of,19
93,IT,18
94,Apache,18
95,framework,18
96,SDK,18
97,Firewall,17
98,ActionScript,17
99,Framework,17
100,JQuery,17
101,DOS,17
102,development,17
103,application,17
104,IPS,16
105,IIS,16
106,Unity,16
107,www,16
108,UML,16
109,javascript,16
110,UNIX,16
111,experience,16
112,Experience,16
113,IOS,16
114,Ghost,16
115,Git,15
116,Facebook,15
117,Python,15
118,MYSQL,15
119,app,15
120,Draw,15
121,Corel,15
122,is,15
123,based,15
124,server,15
125,AD,14
126,js,14
127,RWD,14
128,MCSE,14
129,design,14
130,Vmware,13
131,Security,13
132,PM,13
133,WEB,13
134,html,13
135,PhotoImpact,13
136,POS,13
137,java,13
138,Mobile,13
139,UX,13
140,Usability,12
141,JS,12
142,MCU,12
143,WinForm,12
144,EE,12
145,J,12
146,Assembly,12
147,Design,12
148,Socket,11
149,FTP,11
150,PL,11
151,css,11
152,x,11
153,Object,11
154,JSON,11
155,Spring,11
156,system,11
157,skills,11
158,asp,11
159,communication,11
160,Cisco,11
161,e,11
162,Have,11
163,Work,11
164,jquery,10
165,Service,10
166,CE,10
167,Database,10
168,DB,10
169,data,10
170,new,10
171,Mail,10
172,plus,10
173,management,10
174,PLC,10
175,CAD,10
176,Dbase,9
177,XHTML,9
178,SERVER,9
179,facebook,9
180,mysql,9
181,services,9
182,MySql,9
183,WIN,9
184,EQ,9
185,E,9
186,A,9
187,BI,9
188,support,9
189,Matlab,9
190,Skills,9
191,customer,9
192,project,9
193,other,9
194,working,9
195,Exchange,9
196,years,9
197,are,9
198,d,9
199,Nginx,9
200,XCode,9
201,NIDS,9
202,https,8
203,Swift,8
204,LAN,8
205,DHCP,8
206,Team,8
207,ARM,8
208,RHCE,8
209,Struts,8
210,as,8
211,that,8
212,Client,8
213,software,8
214,able,8
215,FreeBSD,8
216,CCNP,8
217,mail,8
218,code,8
219,closely,8
220,stress,8
221,Fireworks,8
222,Mysql,7
223,F,7
224,AM,7
225,Open,7
226,MongoDB,7
227,OOP,7
228,PCB,7
229,PS,7
230,AngularJS,7
231,React,7
232,Developer,7
233,Eclipse,7
234,SEO,7
235,Office,7
236,B,7
237,solutions,7
238,knowledge,7
239,product,7
240,technical,7
241,customers,7
242,well,7
243,AWS,7
244,Be,7
245,Strong,7
246,tools,7
247,from,7
248,up,7
249,Store,7
250,http,7
251,tw,7
252,android,7
253,iPhone,7
254,PHP+,7
255,LabVIEW,7
256,LAMP,7
257,We,7
258,ios,7
259,Perl,7
260,Router,6
261,Switch,6
262,Line,6
263,Jquery,6
264,I,6
265,EXCEL,6
266,Bootstrap,6
267,Shell,6
268,Master,6
269,Management,6
270,platform,6
271,NAS,6
272,FB,6
273,IBM,6
274,projects,6
275,service,6
276,high,6
277,work,6
278,an,6
279,Develop,6
280,R,6
281,Routers,6
282,QA,6
283,Familiar,6
284,English,6
285,base,6
286,troubleshooting,6
287,be,6
288,s,6
289,EDM,6
290,Pattern,6
291,c,6
292,Oriented,6
293,To,6
294,will,6
295,oriented,6
296,efficient,6
297,MFC,6
298,Toad,6
299,BIOS,6
300,Max,6
301,Source,5
302,LINE,5
303,Informix,5
304,WINDOWS,5
305,SOP,5
306,MCITP,5
307,IDE,5
308,IE,5
309,develop,5
310,teams,5
311,IC,5
312,related,5
313,Ability,5
314,requirements,5
315,by,5
316,Responsibilities,5
317,Good,5
318,existing,5
319,problem,5
320,testing,5
321,environment,5
322,problems,5
323,Html,5
324,c#,5
325,photoshop,5
326,Multi,5
327,driver,5
328,operation,5
329,SharePoint,5
330,VPN,5
331,office,5
332,Juniper,5
333,Maintain,5
334,understanding,5
335,self,5
336,database,5
337,motivated,5
338,degree,5
339,when,5
340,good,5
341,industry,5
342,windows,5
343,Unix,5
344,LPIC,5
345,MAIL,5
346,programming,5
347,CMS,5
348,Application,5
349,CAM,5
350,Data,5
351,HP,5
352,Required,5
353,Cirple,5
354,Nice,5
355,Stranity,5
356,SAP,5
357,website,5
358,have,5
359,can,5
360,such,5
361,drive,5
362,SVN,5
363,designer,5
364,Delphi,5
365,script,5
366,WinCE,5
367,SCJP,5
368,Architecture,5
369,layer,5
370,JAVASCRIPT,5
371,CIM,5
372,Citrix,4
373,Macintosh,4
374,Yahoo,4
375,Laravel,4
376,UPS,4
377,ajax,4
378,Apple,4
379,EC,4
380,Base,4
381,PHOTOSHOP,4
382,SE,4
383,NoSQL,4
384,unity,4
385,AI,4
386,ReactJS,4
387,Flex,4
388,WAN,4
389,wordpress,4
390,linux,4
391,VMware,4
392,manage,4
393,meet,4
394,analysis,4
395,engineers,4
396,technologies,4
397,time,4
398,them,4
399,works,4
400,plan,4
401,developers,4
402,MCSA,4
403,task,4
404,embedded,4
405,Hubs,4
406,various,4
407,technology,4
408,implemented,4
409,group,4
410,VLAN,4
411,hardware,4
412,user,4
413,VMWare,4
414,developing,4
415,coding,4
416,documentation,4
417,Balancing,4
418,ability,4
419,Load,4
420,issue,4
421,techniques,4
422,monitoring,4
423,TFS,4
424,issues,4
425,i,4
426,Communication,4
427,all,4
428,requirement,4
429,DM,4
430,client,4
431,cocos,4
432,CentOS,4
433,SASS,4
434,LINUX,4
435,Level,4
436,doris,4
437,champions,4
438,huang,4
439,GPS,4
440,b,4
441,Object
C,4
442,c++,4
443,Demo,4
444,iPad,4
445,GUI,4
446,TIPTOP,4
447,AR,4
448,PostgreSQL,4
449,CI,4
450,Notes,4
451,Lotus,4
452,sql,4
453,Builder,4
454,VC++,4
455,Ruby,4
456,Tomcat,4
457,online,4
458,Hybrid,4
459,The,4
460,Help,4
461,create,4
462,members,4
463,interpersonal,4
464,structured,4
465,solve,4
466,our,4
467,MVVM,4
468,VoIP,4
469,Asterisk,4
470,FoxPro,4
471,DSP,4
472,SCDJWS,4
473,SCWCD,4
474,SCAJ,4
475,SCJD,4
476,SCBCD,4
477,RESTful,4
478,After,4
479,Effects,4
480,Device,4
481,CGI,4
482,Programming,4
483,ISO,4
484,MES,4
485,who,4
486,GIT,3
487,ID,3
488,O,3
489,SmartBPM,3
490,ExtJs,3
491,PowerBuilder,3
492,Tier,3
493,Foundation,3
494,LINQ,3
495,ADO,3
496,NodeJS,3
497,PhoneGap,3
498,google,3
499,OpenGL,3
500,VR,3
501,pos,3
502,Action,3
503,V,3
504,Hyper,3
505,Library,3
506,DSC,3
507,EasyFlow,3
508,mining,3
509,Ethernet,3
510,including,3
511,internal,3
512,analyze,3
513,Research,3
514,systems,3
515,module,3
516,market,3
517,implementation,3
518,field,3
519,using,3
520,Take,3
521,how,3
522,operational,3
523,More,3
524,than,3
525,Key,3
526,large,3
527,M,3
528,Great,3
529,LED,3
530,ex,3
531,handling,3
532,SMTP,3
533,staff,3
534,LDAP,3
535,take,3
536,scripting,3
537,aggressive,3
538,across,3
539,non,3
540,SAN,3
541,infrastructure,3
542,Passion,3
543,limited,3
544,network,3
545,necessary,3
546,Self,3
547,level,3
548,Services,3
549,use,3
550,computer,3
551,Excellent,3
552,effectively,3
553,solving,3
554,thinking,3
555,year,3
556,highly,3
557,one,3
558,provide,3
559,least,3
560,player,3
561,reports,3
562,quickly,3
563,daily,3
564,CCIE,3
565,win,3
566,under,3
567,maintenance,3
568,Ensure,3
569,Implementation,3
570,written,3
571,X,3
572,Native,3
573,ODBC,3
574,Play,3
575,Responsive,3
576,Redis,3
577,Premiere,3
578,Docker,3
579,word,3
580,key,3
581,excel,3
582,Github,3
583,Xen,3
584,g,3
585,Cocoa,3
586,flash,3
587,VBA,3
588,Xcode,3
589,Maps,3
590,Camera,3
591,NFC,3
592,Bluetooth,3
593,Test,3
594,Code,3
595,Unit,3
596,BCB,3
597,SQLite,3
598,Wordpress,3
599,Joomla,3
600,Chrome,3
601,MY,3
602,Node,3
603,game,3
604,Development,3
605,In,3
606,goals,3
607,implement,3
608,shopping,3
609,clear,3
610,functional,3
611,This,3
612,deliver,3
613,make,3
614,wireframe,3
615,quality,3
616,clean,3
617,Familiarity,3
618,adaptable,3
619,object,3
620,pick,3
621,JIRA,3
622,join,3
623,bugs,3
624,looking,3
625,us,3
626,experiences,3
627,engineering,3
628,Write,3
629,Layout,3
630,MQSeries,3
631,api,3
632,Symantec,3
633,AMI,3
634,Phoenix,3
635,Driver,3
636,Kernel,3
637,Language,3
638,PLM,3
639,arduino,3
640,DIY,3
641,pic,3
642,studio,3
643,UEFI,3
644,fb,3
645,CodeIgniter,3
646,prototype,3
647,having,3
648,SolidWorks,3
649,Linux+,3
650,Hibernate,3
651,processing,3
652,Embedded,3
653,Novell,3
654,WML,3
655,VM,3
656,Manage,3
657,Form,3
658,Interface,3
659,Within,3
660,need,3
661,someone,3
662,Compaq,3
663,CISCO,2
664,JQ,2
665,ACCESS,2
666,PPT,2
667,SOAP,2
668,VBScript,2
669,goodbadjob,2
670,XAML,2
671,CPU,2
672,ActiveX,2
673,KEY,2
674,IN,2
675,upower,2
676,gmail,2
677,tp,2
678,Deiphi,2
679,relational,2
680,ORCALE,2
681,Entity,2
682,N,2
683,mapping,2
684,Phone,2
685,Asp,2
686,Angular,2
687,WebSocket,2
688,Metro,2
689,hybrid,2
690,IONIC+,2
691,Semantic,2
692,HTML+,2
693,PSD,2
694,PMP,2
695,Actionscript,2
696,AS,2
697,Stack,2
698,Flow,2
699,Backend,2
700,Bing,2
701,page,2
702,off,2
703,BA,2
704,media,2
705,source,2
706,open,2
707,Enterprise,2
708,flow,2
709,SSIS,2
710,Easyflow,2
711,understand,2
712,sensitive,2
713,research,2
714,information,2
715,Solid,2
716,driven,2
717,best,2
718,building,2
719,multiple,2
720,complex,2
721,through,2
722,independently,2
723,basic,2
724,external,2
725,schedules,2
726,scale,2
727,expertise,2
728,Knowledge,2
729,models,2
730,him,2
731,accordance,2
732,evaluate,2
733,lead,2
734,Quick,2
735,practices,2
736,gathering,2
737,Networks,2
738,according,2
739,integration,2
740,Document,2
741,build,2
742,Perform,2
743,modules,2
744,Business,2
745,RDBMS,2
746,internet,2
747,json,2
748,xml,2
749,mvc,2
750,structure,2
751,firmware,2
752,FPGA,2
753,firewall,2
754,care,2
755,Emergency,2
756,wide,2
757,NAT,2
758,operate,2
759,Quality,2
760,Deploy,2
761,Co,2
762,jobs,2
763,inventory,2
764,With,2
765,Other,2
766,said,2
767,update,2
768,complains,2
769,Assurance,2
770,world,2
771,routing,2
772,vendor,2
773,upgrade,2
774,house,2
775,running,2
776,Squid,2
777,passion,2
778,backup,2
779,careful,2
780,been,2
781,love,2
782,Systems,2
783,Sharepoint,2
784,deploy,2
785,hands,2
786,proxy,2
787,Periodicity,2
788,Sniffer,2
789,managing,2
790,Local,2
791,Asia,2
792,situation,2
793,supporting,2
794,servers,2
795,oversea,2
796,science,2
797,collecting,2
798,environments,2
799,Networking,2
800,writing,2
801,detail,2
802,tasks,2
803,providing,2
804,pressure,2
805,analytical,2
806,Support,2
807,after,2
808,detailed,2
809,effective,2
810,workload,2
811,must,2
812,this,2
813,ensure,2
814,shift,2
815,At,2
816,Computer,2
817,coordination,2
818,fast,2
819,resolve,2
820,via,2
821,University,2
822,needs,2
823,Science,2
824,we,2
825,Network,2
826,responsible,2
827,at,2
828,integrate,2
829,Prepare,2
830,case,2
831,documents,2
832,OSPF,2
833,HTTPS,2
834,High,2
835,scope,2
836,BGP,2
837,training,2
838,independent,2
839,systematic,2
840,close,2
841,grasp,2
842,reporting,2
843,SI,2
844,strategy,2
845,thoughts,2
846,Redhat,2
847,socket,2
848,Api,2
849,Cocos,2
850,Integration,2
851,GitLab,2
852,Running,2
853,Redmine,2
854,PostgreSQLContinuous,2
855,Man,2
856,MOMO,2
857,L,2
858,line,2
859,MCP,2
860,GEPT,2
861,ANSI,2
862,T,2
863,Analytics,2
864,Spark,2
865,f,2
866,Touch,2
867,Blend,2
868,Expression,2
869,SA,2
870,GIS,2
871,AUTO,2
872,HMI,2
873,MCSD,2
874,ADSL,2
875,WLAN,2
876,Andriod,2
877,portfolio,2
878,CALL,2
879,ON,2
880,Backup,2
881,Restore,2
882,Produce,2
883,Restful,2
884,WORD,2
885,Location,2
886,Media,2
887,Azure,2
888,Core,2
889,Social,2
890,UIKit,2
891,jsp,2
892,mySQL,2
893,DevOps,2
894,Jenkins,2
895,Extremely,2
896,CD,2
897,collaborative,2
898,PP,2
899,SmartERP,2
900,Administrator,2
901,Hands,2
902,content,2
903,developments,2
904,websites,2
905,general,2
906,Job,2
907,Professional,2
908,specific,2
909,business,2
910,performance,2
911,implementing,2
912,Search,2
913,execution,2
914,identify,2
915,multi,2
916,strategies,2
917,depth,2
918,Provide,2
919,document,2
920,guides,2
921,Axure,2
922,RP,2
923,help,2
924,equivalent,2
925,manager,2
926,required,2
927,process,2
928,skill,2
929,logical,2
930,include,2
931,assigned,2
932,Requirements,2
933,sites,2
934,also,2
935,grow,2
936,experienced,2
937,throughout,2
938,reviews,2
939,Conduct,2
940,mobile,2
941,Build,2
942,Rapidly,2
943,fix,2
944,capability,2
945,company,2
946,exciting,2
947,site,2
948,thorough,2
949,Scripts,2
950,applications,2
951,complete,2
952,swift,2
953,Report,2
954,guidance,2
955,resources,2
956,Zend,2
957,VUE,2
958,TOEIC,2
959,window,2
960,OrCAD,2
961,AutoCad,2
962,Balance,2
963,MCTS,2
964,Webhosting,2
965,RADIUS,2
966,File,2
967,VC,2
968,BE,2
969,EFI,2
970,language,2
971,IPMI,2
972,program,2
973,BMC,2
974,Storage,2
975,trouble,2
976,shooting,2
977,JSF,2
978,Powerpoint,2
979,FLASH,2
980,JDBC,2
981,APK,2
982,OCP,2
983,Check,2
984,Point,2
985,Expert,2
986,it,2
987,Center,2
988,Call,2
989,WebForm,2
990,CCD,2
991,CMOS,2
992,TQC,2
993,P,2
994,hr,2
995,friendfindernetwork,2
996,Track,2
997,facing,2
998,brought,2
999,successful,2
1000,reliable,2
1001,stages,2
1002,Come,2
1003,about,2
1004,great,2
1005,production,2
1006,record,2
1007,artist,2
1008,games,2
1009,positive,2
1010,passionate,2
1011,maintainable,2
1012,elegant,2
1013,Apache+,2
1014,MySQL+,2
1015,WORK,2
1016,TEAM,2
1017,phone,2
1018,ORCAD,2
1019,Financials,2
1020,FaceBook,2
1021,Microchip,2
1022,UART,2
1023,RoR,2
1024,php+,2
1025,demo,2
1026,Based,2
1027,OFFICE,2
1028,MCDBA,2
1029,bit,2
1030,NET,2
1031,getuncommon,2
1032,tintint,2
1033,FAE,2
1034,controller,2
1035,kernel,2
1036,middleware,2
1037,ds,2
1038,PCHOME,2
1039,CVS,2
1040,guru,2
1041,features,2
1042,Refactory,2
1043,pm,2
1044,am,2
1045,Virtual,2
1046,two,2
1047,controls,2
1048,behavior,2
1049,Active,2
1050,ECIH,2
1051,ECSA,2
1052,DQL,2
1053,DCL,2
1054,DDL,2
1055,DML,2
1056,Sybase,2
1057,My,2
1058,Window,2
1059,Automation,2
1060,Win,2
1061,Routing,2
1062,po,2
1063,MapInfo,2
1064,Program,2
1065,Working,2
1066,EmberJS,2
1067,months,2
1068,access,2
1069,first,2
1070,Rails,2
1071,MCSE+,2
1072,logo,2
1073,JUNIPER,1
1074,Fortinet,1
1075,esxi,1
1076,iis,1
1077,dns,1
1078,webEIP,1
1079,POST,1
1080,SOCKET,1
1081,Lavarel,1
1082,pdo,1
1083,Amazon,1
1084,ELLA,1
1085,Ella,1
1086,hsi,1
1087,SignalR,1
1088,googleMap,1
1089,OAuth,1
1090,HTTPs,1
1091,VPC,1
1092,Go,1
1093,Lang,1
1094,RxJS,1
1095,NetObjects,1
1096,Fusion,1
1097,QRCode,1
1098,Blender,1
1099,editor,1
1100,Shader,1
1101,PhotoShop,1
1102,CSS+,1
1103,Scripe,1
1104,SCRIPT,1
1105,Full,1
1106,WorkFlow,1
1107,Easy,1
1108,iWant,1
1109,ROR,1
1110,node,1
1111,Model,1
1112,AE,1
1113,set,1
1114,tab,1
1115,card,1
1116,album,1
1117,model,1
1118,BD,1
1119,id,1
1120,albums,1
1121,AA,1
1122,notes,1
1123,BC,1
1124,type,1
1125,photos,1
1126,exmark,1
1127,Wireless,1
1128,FPS,1
1129,NUMS,1
1130,AppFabric,1
1131,pure,1
1132,AgilePoint,1
1133,WM,1
1134,Websphere,1
1135,ETABS,1
1136,BTT,1
1137,eSoaf,1
1138,Frameworks,1
1139,eSoft,1
1140,Systex,1
1141,FLEX,1
1142,SSIL,1
1143,HR,1
1144,CRM,1
1145,workFlow,1
1146,big,1
1147,judgment,1
1148,Employment,1
1149,stones,1
1150,intelligence,1
1151,modeling,1
1152,consensus,1
1153,SVM,1
1154,characteristics,1
1155,act,1
1156,methodologies,1
1157,same,1
1158,differentiate,1
1159,integrated,1
1160,Possessing,1
1161,activities,1
1162,Understand,1
1163,clustering,1
1164,MATLAB,1
1165,broad,1
1166,YearsApplied,1
1167,leadership,1
1168,foundation,1
1169,integrates,1
1170,algorithms,1
1171,guidelines,1
1172,risks,1
1173,Females,1
1174,artificial,1
1175,Leadership,1
1176,gaps,1
1177,takes,1
1178,proliferation,1
1179,evaluation,1
1180,Impact,1
1181,familiarity,1
1182,Neural,1
1183,factors,1
1184,advances,1
1185,Problem,1
1186,predictive,1
1187,May,1
1188,Individuals,1
1189,selection,1
1190,dimensionality,1
1191,Explains,1
1192,owned,1
1193,workforce,1
1194,Opportunity,1
1195,practical,1
1196,conceptual,1
1197,Engage,1
1198,Materials,1
1199,small,1
1200,alternate,1
1201,silicon,1
1202,Education,1
1203,discipline,1
1204,Expertise,1
1205,manageable,1
1206,empirical,1
1207,aware,1
1208,its,1
1209,Disabilities,1
1210,collaboration,1
1211,others,1
1212,Ph,1
1213,Equal,1
1214,Protected,1
1215,Impacts,1
1216,Coordinate,1
1217,own,1
1218,mile,1
1219,extension,1
1220,range,1
1221,Solving,1
1222,policies,1
1223,resource,1
1224,budgets,1
1225,algorithm,1
1226,Demonstrates,1
1227,people,1
1228,accompanying,1
1229,moduleFunctional,1
1230,Guide,1
1231,within,1
1232,approaches,1
1233,constrains,1
1234,Interpersonal,1
1235,statistical,1
1236,Hand,1
1237,machine,1
1238,Focus,1
1239,diversity,1
1240,area,1
1241,tutor,1
1242,Construct,1
1243,theoretical,1
1244,concept,1
1245,hypothesis,1
1246,review,1
1247,regarding,1
1248,definitions,1
1249,statistics,1
1250,disciplines,1
1251,Solves,1
1252,difficult,1
1253,Veterans,1
1254,literature,1
1255,dimensions,1
1256,characterize,1
1257,Act,1
1258,collect,1
1259,degreeExperience,1
1260,circuit,1
1261,learning,1
1262,classification,1
1263,Interact,1
1264,Sc,1
1265,perspective,1
1266,instructor,1
1267,define,1
1268,committed,1
1269,learner,1
1270,accompany,1
1271,sources,1
1272,co,1
1273,algorithmic,1
1274,especially,1
1275,applicative,1
1276,competition,1
1277,exercises,1
1278,fabrication,1
1279,part,1
1280,Minorities,1
1281,validate,1
1282,SEVER,1
1283,CoolDraw,1
1284,bei,1
1285,jackercleaning,1
1286,string,1
1287,Reporting,1
1288,Mongo,1
1289,ai,1
1290,thread,1
1291,board,1
1292,Controller,1
1293,SATA,1
1294,RAID,1
1295,exception,1
1296,Interrupt,1
1297,XenCenter,1
1298,switch,1
1299,XenServer,1
1300,iptables,1
1301,Administration,1
1302,MPLS,1
1303,UDP,1
1304,Qualification,1
1305,attention,1
1306,sciences,1
1307,ticket,1
1308,professional,1
1309,files,1
1310,errors,1
1311,prioritize,1
1312,maintained,1
1313,reproducing,1
1314,driving,1
1315,incudes,1
1316,includes,1
1317,verbally,1
1318,Product,1
1319,assessment,1
1320,checking,1
1321,escalating,1
1322,communicate,1
1323,aptitude,1
1324,configuration,1
1325,Assure,1
1326,Demonstrated,1
1327,rotation,1
1328,triage,1
1329,Diagnosis,1
1330,sufficient,1
1331,job,1
1332,health,1
1333,hours,1
1334,dynamic,1
1335,managed,1
1336,log,1
1337,methodology,1
1338,call,1
1339,tier,1
1340,Virtualization,1
1341,Technologies,1
1342,standards,1
1343,connectivity,1
1344,Issue,1
1345,maintain,1
1346,College,1
1347,participate,1
1348,st,1
1349,Shift,1
1350,efficiently,1
1351,Rotation,1
1352,checks,1
1353,above,1
1354,Switches,1
1355,nd,1
1356,WANQualification,1
1357,Checkpoint,1
1358,Communicate,1
1359,paste,1
1360,upon,1
1361,ssh,1
1362,regular,1
1363,HostMonitor,1
1364,Enthusiastic,1
1365,excellent,1
1366,importantly,1
1367,PRTG,1
1368,Up,1
1369,Proactive,1
1370,reply,1
1371,catch,1
1372,would,1
1373,provider,1
1374,What,1
1375,consultant,1
1376,smoothly,1
1377,department,1
1378,Technology,1
1379,Information,1
1380,thing,1
1381,reading,1
1382,diagnoses,1
1383,learn,1
1384,most,1
1385,follow,1
1386,unresolved,1
1387,want,1
1388,Day,1
1389,Graduated,1
1390,Can,1
1391,Skype,1
1392,First,1
1393,Follow,1
1394,bases,1
1395,Willing,1
1396,adopt,1
1397,run,1
1398,mostly,1
1399,willing,1
1400,Afternoon,1
1401,Able,1
1402,uptake,1
1403,request,1
1404,QoS,1
1405,LACP,1
1406,public,1
1407,interaction,1
1408,Provisioning,1
1409,JNCIP,1
1410,Providing,1
1411,VRRP,1
1412,JNCIA,1
1413,internally,1
1414,Technical,1
1415,Implementing,1
1416,JNCIPMore,1
1417,JNCSP,1
1418,Testing,1
1419,JUNOS,1
1420,playerSelf,1
1421,PMPOthers,1
1422,SSL,1
1423,Prefer,1
1424,maintaining,1
1425,proactiveAnalytical,1
1426,performanceA,1
1427,Maintaining,1
1428,Licenses,1
1429,Availability,1
1430,Generating,1
1431,STP,1
1432,strive,1
1433,JNCIE,1
1434,optimizing,1
1435,HSRP,1
1436,SSLVPN,1
1437,QTechnical,1
1438,ER,1
1439,AAA,1
1440,organizedAlways,1
1441,addressing,1
1442,ASN,1
1443,Proposing,1
1444,JNCIS,1
1445,Analytical,1
1446,Superior,1
1447,organized,1
1448,compilation,1
1449,Organization,1
1450,Periodic,1
1451,departments,1
1452,Efficient,1
1453,negotiation,1
1454,control,1
1455,duty,1
1456,Coordination,1
1457,excellence,1
1458,satisfaction,1
1459,supervise,1
1460,incident,1
1461,immediate,1
1462,olfactory,1
1463,certain,1
1464,monthly,1
1465,exercise,1
1466,weekly,1
1467,relationship,1
1468,collection,1
1469,Clear,1
1470,response,1
1471,Department,1
1472,background,1
1473,negotiating,1
1474,cooperation,1
1475,Operation,1
1476,proactive,1
1477,education,1
1478,Definition,1
1479,CSSWordPress,1
1480,PHPAsp,1
1481,JavaScriptMSSQL,1
1482,NginX,1
1483,PERL,1
1484,CIW,1
1485,CISSP,1
1486,CISP,1
1487,Gentoo,1
1488,Webpack,1
1489,Redux,1
1490,git,1
1491,PlayCanvas,1
1492,TestNG,1
1493,Date,1
1494,lambda,1
1495,Junit,1
1496,Maven,1
1497,JavaEE,1
1498,H,1
1499,COB,1
1500,Tomacat,1
1501,UGUI,1
1502,PHPFrontend,1
1503,PHPunit,1
1504,CSSDatabase,1
1505,Appium,1
1506,JAVADatabase,1
1507,StudioBackend,1
1508,Pchome,1
1509,vip,1
1510,Wechat,1
1511,MTA,1
1512,CCNE,1
1513,RHCSA,1
1514,Jave,1
1515,DevOp,1
1516,OpenStack,1
1517,Suse,1
1518,WindowsServer,1
1519,h,1
1520,npm,1
1521,nodes,1
1522,websocket,1
1523,DOM,1
1524,Eclipes,1
1525,net,1
1526,XMAL,1
1527,JNI,1
1528,JQUERY,1
1529,ASP+,1
1530,ANDROID,1
1531,io,1
1532,Drupal,1
1533,FrontPagec,1
1534,YAHOO,1
1535,ExpressJS,1
1536,Heroku,1
1537,SkillsC,1
1538,Clean,1
1539,etc,1
1540,Maintainable,1
1541,Mocha,1
1542,Overflow,1
1543,MyGo,1
1544,Mongoose,1
1545,YouTube,1
1546,Plus,1
1547,Blog,1
1548,DNA,1
1549,KPI,1
1550,Express,1
1551,ruby,1
1552,ES,1
1553,MyGoNews,1
1554,RSpec,1
1555,GitF,1
1556,GitHub,1
1557,UBER,1
1558,shipfollow,1
1559,New,1
1560,procedure,1
1561,stored,1
1562,dreamwever,1
1563,brother,1
1564,WCF,1
1565,rails,1
1566,Titanium,1
1567,Quartz,1
1568,Accessory,1
1569,Image,1
1570,Graphics,1
1571,Twitter,1
1572,PaaS,1
1573,Accelerate,1
1574,Sencha,1
1575,Map,1
1576,Kit,1
1577,Push,1
1578,External,1
1579,GAE,1
1580,sourceResponsive,1
1581,NginxFacebook,1
1582,BootstrapJava,1
1583,W,1
1584,Opencart,1
1585,iOSApache,1
1586,Safari,1
1587,IMG,1
1588,CO,1
1589,MM,1
1590,FI,1
1591,ABAP,1
1592,Hub,1
1593,style,1
1594,preparing,1
1595,front,1
1596,Programmer,1
1597,implementationResponsible,1
1598,TomcatAdvantage,1
1599,mahjong,1
1600,poker,1
1601,documentationsRequirements,1
1602,end,1
1603,MUSTAdvantage,1
1604,Responsible,1
1605,GAME,1
1606,like,1
1607,uncover,1
1608,importance,1
1609,experiments,1
1610,elements,1
1611,Proven,1
1612,objectives,1
1613,Omniture,1
1614,socialize,1
1615,feeds,1
1616,MUST,1
1617,points,1
1618,execute,1
1619,clearly,1
1620,Qualifications,1
1621,Competencies,1
1622,deadline,1
1623,programs,1
1624,recommendations,1
1625,organisational,1
1626,levels,1
1627,briefs,1
1628,Analyst,1
1629,Assist,1
1630,communities,1
1631,motivation,1
1632,WebTrends,1
1633,search,1
1634,blog,1
1635,creatively,1
1636,Monitor,1
1637,multivariate,1
1638,Baidu,1
1639,Keep,1
1640,competitor,1
1641,major,1
1642,articulate,1
1643,brief,1
1644,marketing,1
1645,NetInsight,1
1646,administering,1
1647,clients,1
1648,studies,1
1649,Functional,1
1650,SEM,1
1651,point,1
1652,campaigns,1
1653,purposes,1
1654,pages,1
1655,Administer,1
1656,Optimization,1
1657,Desired,1
1658,link,1
1659,keyword,1
1660,webmaster,1
1661,Outstanding,1
1662,integrity,1
1663,diagnostic,1
1664,copywriter,1
1665,success,1
1666,conversion,1
1667,Attention,1
1668,channels,1
1669,think,1
1670,timelines,1
1671,social,1
1672,pace,1
1673,administer,1
1674,initiatives,1
1675,autonomy,1
1676,trends,1
1677,acquisition,1
1678,analysts,1
1679,Area,1
1680,atmosphere,1
1681,links,1
1682,posts,1
1683,engine,1
1684,administrations,1
1685,goalsProfessional,1
1686,advertising,1
1687,out,1
1688,optimize,1
1689,areas,1
1690,dashboards,1
1691,Engine,1
1692,results,1
1693,Proficiency,1
1694,contribute,1
1695,Marketing,1
1696,analytics,1
1697,videos,1
1698,sitemaps,1
1699,opportunities,1
1700,optimization,1
1701,scenario,1
1702,methods,1
1703,Detail,1
1704,Engineering,1
1705,analyst,1
1706,easily,1
1707,specify,1
1708,position,1
1709,tutorials,1
1710,preferred,1
1711,quick,1
1712,comprehension,1
1713,chart,1
1714,along,1
1715,ensures,1
1716,supports,1
1717,obtain,1
1718,materials,1
1719,into,1
1720,understandable,1
1721,member,1
1722,Principles,1
1723,successfully,1
1724,Bases,1
1725,pictures,1
1726,text,1
1727,infrastructural,1
1728,spec,1
1729,concepts,1
1730,redesign,1
1731,start,1
1732,order,1
1733,presentation,1
1734,banking,1
1735,party,1
1736,Create,1
1737,functionality,1
1738,live,1
1739,applicatoin,1
1740,Commit,1
1741,Version,1
1742,physical,1
1743,interface,1
1744,effort,1
1745,For,1
1746,rd,1
1747,commerce,1
1748,deadlines,1
1749,partners,1
1750,deliverable,1
1751,Production,1
1752,needed,1
1753,may,1
1754,go,1
1755,estimation,1
1756,method,1
1757,Control,1
1758,tight,1
1759,these,1
1760,prototypes,1
1761,side,1
1762,Previous,1
1763,objects,1
1764,accurate,1
1765,patience,1
1766,rounds,1
1767,wire,1
1768,jenkins,1
1769,scenarios,1
1770,repeated,1
1771,tester,1
1772,assist,1
1773,frame,1
1774,somke,1
1775,ownership,1
1776,ready,1
1777,feedback,1
1778,phase,1
1779,coordinate,1
1780,preparation,1
1781,tremendous,1
1782,until,1
1783,manuals,1
1784,more,1
1785,each,1
1786,browsers,1
1787,specifications,1
1788,release,1
1789,When,1
1790,attitude,1
1791,verbal,1
1792,launch,1
1793,developer,1
1794,scripts,1
1795,Firefox,1
1796,sense,1
1797,Warehouse,1
1798,Intelligence,1
1799,Function,1
1800,Cursor,1
1801,Cube,1
1802,schema,1
1803,Procedure,1
1804,WordPress,1
1805,LinkedIn,1
1806,robot,1
1807,writer,1
1808,demand,1
1809,operations,1
1810,Participate,1
1811,risk,1
1812,Supervises,1
1813,timeline,1
1814,planning,1
1815,Documents,1
1816,compliance,1
1817,filing,1
1818,identification,1
1819,communications,1
1820,budget,1
1821,resolution,1
1822,expectation,1
1823,facilitate,1
1824,overall,1
1825,regulatory,1
1826,Trial,1
1827,templates,1
1828,Lead,1
1829,accepted,1
1830,assurance,1
1831,scheduling,1
1832,establishing,1
1833,supervision,1
1834,Establish,1
1835,ensuring,1
1836,Staff,1
1837,processes,1
1838,appropriate,1
1839,products,1
1840,applying,1
1841,metrics,1
1842,deployment,1
1843,formal,1
1844,aspects,1
1845,met,1
1846,Oversee,1
1847,evolve,1
1848,Hosting,1
1849,LAMPPassionate,1
1850,Works,1
1851,debug,1
1852,Learner,1
1853,Happy,1
1854,Thinking,1
1855,Skillful,1
1856,Ubuntu,1
1857,Debian,1
1858,Flask,1
1859,ORM,1
1860,Cloud,1
1861,Linode,1
1862,Django,1
1863,Green,1
1864,AIX,1
1865,ME,1
1866,Silverstream,1
1867,OneNote,1
1868,pc,1
1869,Director,1
1870,Authorware,1
1871,Clipper,1
1872,SMT,1
1873,Photopia,1
1874,Protel,1
1875,EMI,1
1876,PCBA,1
1877,Drivers,1
1878,EMC,1
1879,Labview,1
1880,vb,1
1881,IDC,1
1882,IDS,1
1883,WAF,1
1884,SLB,1
1885,Formerly,1
1886,Specialist,1
1887,MOUS,1
1888,MI,1
1889,Instructor,1
1890,Dreamwaver,1
1891,Memcached,1
1892,Lighttpd,1
1893,Slave,1
1894,PEAR,1
1895,FFMpeg,1
1896,SAS,1
1897,SPSS,1
1898,Hadoop,1
1899,crawler,1
1900,Expect,1
1901,Solaris,1
1902,Busybox,1
1903,Uboot,1
1904,question,1
1905,bug,1
1906,Custimze,1
1907,bring,1
1908,Scrip,1
1909,modification,1
1910,Clarify,1
1911,BPM,1
1912,PTC,1
1913,Windchill,1
1914,UAT,1
1915,Insyde,1
1916,implementaion,1
1917,Finance,1
1918,customize,1
1919,Distribution,1
1920,Robot,1
1921,dm,1
1922,os,1
1923,LPI,1
1924,WANTED,1
1925,Apps,1
1926,CPLD,1
1927,CNC,1
1928,NetBeans,1
1929,Viso,1
1930,HTMLJQuery,1
1931,eclipse,1
1932,SCCM,1
1933,Workflow,1
1934,SCM,1
1935,PDM,1
1936,REST,1
1937,RDMS,1
1938,RDS,1
1939,aws,1
1940,OK,1
1941,Workgo,1
1942,CheckPoint,1
1943,CCSA,1
1944,Certification,1
1945,NCDA,1
1946,CCSE,1
1947,NetApp,1
1948,DBA,1
1949,OCA,1
1950,NCIE,1
1951,Certified,1
1952,keep,1
1953,python,1
1954,simple,1
1955,CTI,1
1956,PBX,1
1957,CMMI,1
1958,VSTS,1
1959,NLP,1
1960,SPA,1
1961,EntityFramework,1
1962,Command,1
1963,Mockup,1
1964,Promise,1
1965,Websocket,1
1966,solution,1
1967,HIML,1
1968,Phonegap,1
1969,WD,1
1970,JDK,1
1971,Dev,1
1972,PD,1
1973,TQC+,1
1974,Sockt,1
1975,map,1
1976,idea,1
1977,hc,1
1978,my,1
1979,JQERY,1
1980,Banner,1
1981,SHELL,1
1982,FACEBOOK,1
1983,less,1
1984,XSLT,1
1985,table,1
1986,Codelnighter,1
1987,Memcache,1
1988,SMS,1
1989,Codeigniter,1
1990,EX,1
1991,SpringMVC,1
1992,EMAIL,1
1993,MariaDB,1
1994,Freebsd,1
1995,iphone,1
1996,keras,1
1997,tensorflow,1
1998,theano,1
1999,CIS,1
2000,SketchUp,1
2001,MAYA,1
2002,UG,1
2003,Painter,1
2004,seo,1
2005,Nodejs,1
2006,Sqlite,1
2007,XX,1
2008,yahoo,1
2009,shopee,1
2010,EmKGQ,1
2011,forms,1
2012,goo,1
2013,qNSOkZyiMr,1
2014,gl,1
2015,Backbone,1
2016,angular,1
2017,Vue,1
2018,MVP,1
2019,woocommerce,1
2020,colofor,1
2021,Https,1
2022,Http,1
2023,Bootloader,1
2024,microchip,1
2025,SSH,1
2026,PureMVC,1
2027,IAP,1
2028,sdk,1
2029,Rollout,1
2030,Corporate,1
2031,GOOGLE,1
2032,SWIFT,1
2033,Activity,1
2034,compass,1
2035,Verilog,1
2036,linux+,1
2037,mysql+,1
2038,apache+,1
2039,Smarty,1
2040,gps,1
2041,Game,1
2042,AngryBirds,1
2043,MacOSX,1
2044,Zuma,1
2045,iMac,1
2046,Candy,1
2047,XBOX,1
2048,Saga,1
2049,Dragons,1
2050,Puzzle,1
2051,Crush,1
2052,Online,1
2053,InfoPath,1
2054,Lua,1
2055,Boots,1
2056,flat,1
2057,rap,1
2058,DW,1
2059,IS,1
2060,DIV+,1
2061,Cakewalk,1
2062,Communicator,1
2063,Raspberry,1
2064,FabCafe,1
2065,Hardware,1
2066,prototyping,1
2067,Pi,1
2068,Plurk,1
2069,meili,1
2070,CorelDraw,1
2071,VS,1
2072,CoreAnimation,1
2073,Instrument,1
2074,Scrum,1
2075,STUDIO,1
2076,AZURE,1
2077,VISUAL,1
2078,EXPRESSION,1
2079,MICROSOFT,1
2080,jLIVE,1
2081,DOMAIN,1
2082,Printer,1
2083,Sharing,1
2084,Files,1
2085,WINS,1
2086,USB,1
2087,solr,1
2088,servlet,1
2089,hadoop,1
2090,EJB,1
2091,ee,1
2092,hibenate,1
2093,lucene,1
2094,Intranet,1
2095,Serial,1
2096,Port,1
2097,Parallel,1
2098,Capture,1
2099,datasheet,1
2100,IAR,1
2101,EWARM,1
2102,BLE,1
2103,MDK,1
2104,SPI,1
2105,Keil,1
2106,Powerpcb,1
2107,WHM,1
2108,cpanel,1
2109,html+,1
2110,whm,1
2111,msSQL+,1
2112,cpanel+,1
2113,Notebook,1
2114,motherboard,1
2115,Motherboard,1
2116,Debugging,1
2117,LCD,1
2118,PIC,1
2119,home,1
2120,BSP,1
2121,RD,1
2122,Helpdesk,1
2123,Liunx,1
2124,bootloader,1
2125,Cortex,1
2126,AP,1
2127,SP,1
2128,Prototype,1
2129,DIV,1
2130,II,1
2131,ACC,1
2132,PDF,1
2133,please,1
2134,list,1
2135,play,1
2136,her,1
2137,download,1
2138,his,1
2139,apps,1
2140,doing,1
2141,AJax,1
2142,their,1
2143,interview,1
2144,if,1
2145,Know,1
2146,art,1
2147,accept,1
2148,knowhow,1
2149,Confident,1
2150,educated,1
2151,store,1
2152,applied,1
2153,deployed,1
2154,see,1
2155,Fb,1
2156,enough,1
2157,polished,1
2158,developed,1
2159,improves,1
2160,MSQL,1
2161,MRP,1
2162,SPC,1
2163,Operations,1
2164,Pro,1
2165,PHS,1
2166,CICS,1
2167,USER,1
2168,Persistence,1
2169,Servlet,1
2170,JPA,1
2171,JDO,1
2172,Sql,1
2173,LVS,1
2174,loadBalance,1
2175,HaProxy,1
2176,Query,1
2177,cURL,1
2178,Virtualbox,1
2179,OAUTH,1
2180,xCode,1
2181,hand,1
2182,virtualization,1
2183,LXC,1
2184,conducted,1
2185,terms,1
2186,mediate,1
2187,low,1
2188,Hypervisor,1
2189,schedule,1
2190,stack,1
2191,memory,1
2192,relations,1
2193,workloads,1
2194,Proxy,1
2195,catering,1
2196,architecture,1
2197,bachelor,1
2198,logic,1
2199,virtual,1
2200,VMM,1
2201,These,1
2202,cataloged,1
2203,YEARS,1
2204,components,1
2205,Major,1
2206,VFS,1
2207,Machine,1
2208,not,1
2209,Goals,1
2210,Transaction,1
2211,master,1
2212,but,1
2213,which,1
2214,KVM,1
2215,fieldAdditional,1
2216,QEMU,1
2217,desired,1
2218,variety,1
2219,Knowledgeable,1
2220,networking,1
2221,networked,1
2222,subsystems,1
2223,ranging,1
2224,demonstrable,1
2225,aforementioned,1
2226,tuning,1
2227,COBOL,1
2228,know,1
2229,survey,1
2230,osCommerce,1
2231,Meeting,1
2232,skype,1
2233,IPGuard,1
2234,System,1
2235,Recovery,1
2236,GPO,1
2237,UTM,1
2238,ESXi,1
2239,Directory,1
2240,WSUS,1
2241,Cam,1
2242,CCTV,1
2243,Andorid,1
2244,mysqlcss+,1
2245,nas,1
2246,Trouble,1
2247,OA,1
2248,shutting,1
2249,library,1
2250,MySql+,1
2251,junior,1
2252,camwebapp,1
2253,analyzes,1
2254,better,1
2255,enable,1
2256,WPF,1
2257,flagship,1
2258,Bachelor,1
2259,fluid,1
2260,duties,1
2261,you,1
2262,investigate,1
2263,mentor,1
2264,talented,1
2265,graphics,1
2266,collects,1
2267,CS,1
2268,NZXT,1
2269,engines,1
2270,cards,1
2271,U,1
2272,role,1
2273,Optimize,1
2274,Overview,1
2275,tool,1
2276,multitenant,1
2277,WebAPI,1
2278,DirectX,1
2279,S,1
2280,Rhino,1
2281,div,1
2282,gulp,1
2283,Cordova,1
2284,n,1
2285,grunt,1
2286,ServerAPI,1
2287,Aruba,1
2288,Bluecoat,1
2289,Fortran,1
2290,CEO,1
2291,OpenView,1
2292,builder,1
2293,APNS,1
2294,GCD,1
2295,Omron,1
2296,Mitsubishi,1
2297,Proface,1
2298,xoops,1
2299,backend,1
2300,apache,1
2301,config,1
2302,users,1
2303,amount,1
2304,action,1
2305,Protocols,1
2306,Loading,1
2307,produce,1
2308,consolidate,1
2309,Improve,1
2310,frontend,1
2311,form,1
2312,gaming,1
2313,improve,1
2314,present,1
2315,days,1
2316,User,1
2317,reduce,1
2318,consumer,1
2319,begin,1
2320,alert,1
2321,week,1
2322,summit,1
2323,Implement,1
2324,emailing,1
2325,vendors,1
2326,account,1
2327,verifying,1
2328,Injection,1
2329,XSS,1
2330,US,1
2331,sets,1
2332,volume,1
2333,put,1
2334,SOC,1
2335,WebATM,1
2336,aspx,1
2337,Gamebase,1
2338,mssql,1
2339,yam,1
2340,AIR,1
2341,NoteBook,1
2342,ML,1
2343,Video,1
2344,Swing,1
2345,SNMP,1
2346,SIP,1
2347,ASR,1
2348,Voice,1
2349,Unify,1
2350,hibernate,1
2351,Multithreading,1
2352,MyEclipse,1
2353,Lnmen,1
2354,IVR,1
2355,sip,1
2356,Relational,1
2357,fashioncookie,1
2358,twhttp,1
2359,corpo,1
2360,Third,1
2361,OpenAL,1
2362,Libraries,1
2363,Party,1
2364,Drive,1
2365,Wi,1
2366,Pcb,1
2367,Visaul,1
2368,PDA,1
2369,Domino,1
2370,STL,1
2371,image,1
2372,vision,1
2373,openCV,1
2374,OIS,1
2375,sensor,1
2376,camera,1
2377,VCM,1
2378,motor,1
2379,drawing,1
2380,Human,1
2381,Cell,1
2382,creativity,1
2383,Tablet,1
2384,being,1
2385,Pad,1
2386,objective,1
2387,jingtek,1
2388,RHCT,1
2389,TCSE,1
2390,TCAE,1
2391,MSCE,1
2392,SuSE,1
2393,ServerR,1
2394,Strategy,1
2395,Big,1
2396,warehouse,1
2397,OLAP,1
2398,Companion,1
2399,ETL,1
2400,Analyzer,1
2401,SyBase,1
2402,report,1
2403,Lite,1
2404,Crystal,1
2405,tiptop,1
2406,Switching,1
2407,smarty,1