沒有,477
原廠,386
問題,324
應該,287
保養,212
車子,207
覺得,183
保固,174
感覺,173
價格,157
引擎,155
謝謝,149
台灣,148
小弟,141
時候,132
不錯,124
建議,118
業代,118
車主,117
習慣,95
配備,94
聲音,90
業務,89
東西,86
機油,82
發現,78
考慮,78
福斯,77
感謝,76
新車,75
車友,75
柴油,73
喜歡,70
時間,69
變速箱,66
交車,64
電腦,63
技師,63
空間,61
起來,59
維修,59
汽車,59
價錢,58
參考,55
德國,53
檢查,50
經驗,49
看到,49
開始,49
內裝,48
結果,46
發生,46
狀況,46
輪胎,46
系統,45
油門,44
樓主,43
汽油,43
知道,42
油耗,41
晶片,40
進口,40
好像,40
出來,39
車款,39
開車,38
車價,38
便宜,38
標達,38
設計,38
馬力,37
渦輪,37
動力,36
處理,36
歐洲,35
太古,35
分享,34
改裝,34
自排,34
冷氣,34
速箱,33
買車,33
引進,33
故障,32
車型,32
出現,32
變成,32
大家,31
想請,31
扭力,30
推薦,30
異音,30
選擇,29
討論,29
保險,28
電話,28
車頭,28
市區,28
發表,28
車廠,27
服務,27
報價,27
優惠,27
車身,27
轉速,26
看來,26
顯示,26
市場,26
現金,26
照片,25
里程,25
省油,25
選配,25
設定,25
氣味,25
顏色,24
規格,24
好看,24
方向,24
資料,24
興趣,23
變速,23
看車,23
前輩,22
恭喜,22
音響,22
駕駛,22
改款,22
資訊,22
底盤,22
記得,22
內湖,22
要換,22
天窗,22
影響,21
熄火,21
開關,21
煞車,21
沒錯,21
工資,21
系車,21
超過,21
明顯,20
發動,20
調整,20
確定,20
車系,20
品質,20
保養廠,20
溫度,20
無法,19
情況,19
詢問,19
車商,19
安裝,19
啟動,19
網站,19
美國,19
大燈,18
舒適,18
玩具,18
氣囊,18
增壓,18
版本,18
避震器,18
螢幕,18
不用,18
材質,18
麻煩,18
解決,18
費用,17
看看,17
預算,17
導航,17
介紹,17
實車,17
廣告,17
大陸,17
中古,17
買到,17
皮椅,17
認為,17
共軌,17
購入,17
外觀,16
自備,16
測試,16
聽到,16
更換,16
數據,16
升級,16
駕駛座,16
品牌,16
電子,16
鋁圈,16
蘇秦,16
台北,16
停車,16
價位,16
電瓶,15
消費者,15
加裝,15
車門,15
安全,15
嗟乎,15
箱油,15
定價,15
電視,15
時速,15
免費,15
思念,15
歡迎,15
狗夫,14
車庫,14
影片,14
開啟,14
質感,14
年式,14
親戚,14
皮帶,14
相關,14
檔位,14
開到,14
銷售,14
遇到,14
熱紙,14
接待,14
車種,14
上市,14
活動,14
現象,13
頭燈,13
滿意,13
店家,13
新竹,13
自動,13
飛輪,13
朋友,13
版主,13
反應,13
功能,13
國產,13
公升,13
貧窮,13
車雷達,13
壓縮機,13
圖片,13
塑膠,13
標準,13
手冊,13
擔心,13
機會,13
高雄,13
開過,12
價差,12
導致,12
不夠,12
老車,12
換掉,12
座椅,12
折價,12
型號,12
輪圈,12
回來,12
認識,12
剎車,12
開箱,12
車輛,12
期待,12
不子,12
出廠,12
是否,12
抖動,12
空氣,12
空調,12
產品,12
排氣,12
準備,12
代理商,12
嚴重,12
訂車,12
代理,12
想換,12
回廠,12
曉得,11
意見,11
男人,11
想買,11
貸款,11
打開,11
不同,11
拍賣,11
生產,11
大眾,11
富貴則,11
注意,11
隔音,11
決定,11
水箱,11
進行,11
恆溫,11
促銷,11
樣子,11
重點,11
年份,11
換成,11
使用,11
問到,11
下來,11
購買,11
加速,11
車行,11
鑰匙,11
窗戶,11
懸吊,11
洗車,10
試車,10
玻璃,10
撞擊,10
師傅,10
認證,10
程式,10
行駛,10
胎壓,10
尾燈,10
天線,10
下訂,10
實在,10
告訴,10
補助,10
稅金,10
網友,10
感恩,10
白色,10
安靜,10
屁屁,10
壽命,10
全車,10
中國,10
車況,10
桃園,10
烤漆,10
音樂,10
壓縮,10
購車,10
行車,9
經典,9
閥體,9
乘車,9
風口,9
車車,9
畏懼,9
樹葉,9
保護,9
行李箱,9
項目,9
想要,9
報導,9
感知器,9
沒車,9
簡單,9
入手,9
預計,9
檢測,9
沒辦,9
經銷商,9
通知,9
房車,9
如題,9
米其林,9
召回,9
作動,9
技術,9
保桿,9
車窗,9
專用,9
台南,9
展示,9
擁有,9
看過,9
換油,9
進來,9
領牌,9
整台,8
試試,8
離合器,8
聚會,8
料件,8
扶手,8
愛車,8
折扣,8
上坡,8
電動,8
差異,8
銀色,8
旅車,8
情形,8
風扇,8
轎車,8
公司,8
專業,8
可能,8
聯絡,8
辦法,8
四門,8
電池,8
售價,8
高速公路,8
地點,8
照鏡,8
願意,8
部車,8
台幣,8
定位,8
國產車,8
搜尋,8
清器,8
震動,8
加油,8
紅色,8
展示中心,8
車牌,8
適合,7
乾式,7
幫忙,7
螺絲,7
車燈,7
負擔,7
機械,7
實際,7
開起,7
廠商,7
消耗品,7
愛狗夫,7
參加,7
斜坡,7
修車,7
陽春,7
勢位,7
判斷,7
消息,7
馬達,7
漲價,7
濾網,7
機車,7
標配,7
經濟,7
集團,7
倒車,7
小車,7
接頭,7
誇張,7
彈簧,7
地區,7
紀錄,7
燈號,7
排車,7
保固期,7
日本,7
試乘,7
態度,7
輸出,7
速手,7
文章,7
繼續,7
確認,7
缺點,7
議價,7
工廠,7
車速,7
金屬,7
不好意思,7
規範,7
賓士,7
說明,7
車頂,7
試駕,7
乾脆,7
產生,6
鐵灰,6
打算,6
猶豫,6
懷疑,6
強調,6
檢視,6
金龜車,6
油封,6
需要,6
碟盤,6
轉向,6
警示,6
共用,6
解答,6
手機,6
進去,6
椅子,6
車場,6
避震,6
馬牌,6
地力,6
偵測,6
富貴,6
模型,6
前車,6
成為,6
挽留,6
操控,6
小孩,6
火星塞,6
平均,6
菜單,6
媒體,6
整體,6
抱歉,6
傳動,6
連結,6
預約,6
套件,6
不知,6
民間,6
車體,6
廠牌,6
客戶,6
營業,6
主機,6
雷達,6
上網,6
心動,6
保養場,6
大包,6
貨車,6
性能,6
防水,6
希望,6
表現,6
空車,6
頓挫,6
清潔,6
出險,6
發出,6
幫助,6
車胎,6
存錢,6
黑色,6
太陽,6
天母,6
掛牌,6
零利率,6
感應,6
不削,6
進入,5
天氣,5
開版,5
問業代,5
等到,5
奧迪,5
花費,5
車廂,5
狀態,5
回收,5
呵呵,5
歐元,5
燈泡,5
倒楣,5
拉手,5
買來,5
危險,5
性具,5
換車,5
模組,5
敲擊,5
女王,5
開發,5
特價,5
開價,5
補充,5
遮醜,5
貨物,5
改變,5
雨刷,5
排隊,5
魚眼,5
現金價,5
放油,5
樣式,5
奇摩,5
耐磨,5
丙式,5
為止,5
美容,5
人員,5
新聞,5
較大,5
很貴,5
介面,5
告知,5
組裝,5
濕式,5
旅行,5
噪音,5
濾心,5
網路,5
細節,5
防滑,5
訊息,5
樂趣,5
控制,5
搭載,5
變形,5
車主們,5
好奇,5
柏林,5
加入,5
衛星,5
怠速,5
下巴,5
改成,5
轉彎,5
司機,5
國民車,5
歐系,5
開賣,5
穩定,5
不到,5
符合,5
下雨天,5
乙式,5
時會,5
終於,5
當成,5
進氣,5
動到,5
搞定,5
贈品,5
世運,5
節氣門,5
回覆,5
提供,5
減速,5
人能,5
庫存,5
乾燥,4
距離,4
原本,4
環境,4
上限,4
橫置,4
綜合,4
牽車,4
可否,4
前輪,4
解除,4
下車,4
功課,4
目錄,4
災情,4
妥善,4
角度,4
較好,4
工錢,4
亮著,4
過程,4
敗家,4
很漂亮,4
海馬,4
燈亮,4
預熱,4
業務員,4
就算,4
善意,4
阿亮,4
訂單,4
油箱,4
整理,4
目標,4
厲害,4
電動窗,4
裝置,4
連續,4
冷媒,4
報告,4
小朋友,4
簡訊,4
風格,4
車油,4
放開,4
電機,4
搭配,4
官網,4
視覺,4
活性碳,4
味道,4
答案,4
銘牌,4
觀察,4
國際,4
評價,4
排氣量,4
動作,4
看錯,4
牌子,4
取代,4
資訊站,4
正確,4
有關,4
油膜,4
煩惱,4
試開,4
位置,4
收訊,4
尺寸,4
體系,4
規定,4
忘記,4
輔助,4
貿易,4
中壢,4
結束,4
預售,4
政府,4
談到,4
老實,4
顯影,4
上海,4
線條,4
怡利,4
接到,4
同學,4
心得,4
循環,4
軟體,4
排檔,4
計畫,4
用車,4
利率,4
配額,4
氣門,4
俱樂部,4
修一修,4
全景,4
冷車,4
跳動,4
數量,4
改完,4
保修,4
備胎,4
答答,4
掛點,4
方式,4
開著,4
音質,4
線材,4
音源,4
脫手,4
很大,4
負責,4
論壇,4
車尾,4
範圍,4
地址,4
出門,4
成績,4
皮套,4
換變,4
清洗,4
會員,4
團購,4
家族,4
基本,4
大大的,4
出租,4
工單,4
國家,4
台車,4
沒差,4
隔熱紙,4
兩者,4
收到,4
連動,4
充電,4
單車,4
熱血,4
熱心,4
記錯,4
現場,4
蓋子,4
調查,4
老婆,4
雙離合器,4
能夠,4
強度,4
老爸,4
回去,4
專門,4
流量,4
法拉利,4
固定,4
適用,4
條件,4
成本,4
指點,4
編號,4
灰塵,3
椅背,3
超貴,3
七速,3
顧路,3
爆胎,3
機率,3
掛掉,3
沒力,3
儀器,3
起子,3
調到,3
異常,3
老化,3
養車,3
來令片,3
油嘴,3
模式,3
解鎖,3
控鎖,3
上鎖,3
按鈕,3
藍色,3
灰色,3
部份,3
輪框,3
雜音,3
耐用度,3
較貴,3
出沒,3
值得,3
電動椅,3
所謂,3
漲到,3
小燈,3
熄滅,3
台塑,3
纖維,3
口車,3
踏板,3
喇叭,3
打滑,3
路面,3
業績,3
爭取,3
舊款,3
實用,3
新款,3
救救,3
歸位,3
看圖,3
廠長,3
低調,3
訂價,3
手動,3
惰輪,3
指導,3
名字,3
傳統,3
採用,3
特徵,3
車會,3
壓力,3
不動,3
保證,3
車色,3
運轉,3
運作,3
車齡,3
最好,3
特仕,3
沒壞,3
打去,3
聽見,3
高興,3
傳言,3
飛機,3
檢驗,3
開心,3
車機,3
友站,3
傳動軸,3
查到,3
價是,3
開放,3
回文,3
評估,3
划算,3
排水,3
吸引,3
要訂,3
地方,3
拍到,3
有夠,3
胎紋,3
偷掉,3
變化,3
客車,3
一般,3
行照,3
廣播,3
儀表板,3
經理,3
下載,3
扣扣,3
運氣,3
順順,3
加滿,3
移除,3
廢氣,3
招回,3
觸控,3
關掉,3
流用,3
漏水,3
追求,3
利息,3
怕怕,3
排變,3
訂金,3
時代,3
人座,3
銷量,3
來源,3
專修,3
尷尬,3
雙門,3
新莊,3
回報,3
頻率,3
尾翼,3
寄來,3
飛歌,3
可愛,3
透過,3
誤差,3
改車,3
連桿,3
背車,3
做功,3
要載,3
六速,3
數字,3
重量,3
墊片,3
陣子,3
風量,3
漏油,3
車室,3
旋鈕,3
單價,3
開來,3
金額,3
考量,3
放棄,3
電線,3
重新,3
個人,3
油錢,3
遇過,3
開窗,3
下雨,3
防盜,3
強化,3
修理,3
價約,3
全險,3
含硫量,3
滑行,3
手套,3
獲得,3
高層,3
通病,3
關稅,3
氣量,3
山路,3
漂亮,3
價值,3
靜止,3
估價,3
驗車,3
關鍵,3
支援,3
耗材,3
刮痕,3
英國,3
開出,3
車架,3
很爽,3
表版,3
可調,3
知識,3
鈑金,3
油溫,3
小毛病,3
藍芽,3
斷裂,3
回應,3
辦到,3
了解,3
產車,3
老爺,3
達到,3
平路,3
漏氣,3
跑車,3
頭部,3
獨立,3
需求,3
渦輪車,3
調胎,3
墨西哥,3
燃燒,3
轉到,3
拿到,3
澄清,3
鎖定,3
油尺,3
開球,3
進洞,3
期盼,3
人人,3
認同,3
德堡,3
經銷,3
尾門,3
消光,3
無名,3
右腳,3
庫存車,3
縣市,3
水貨車,3
待料,3
版友,3
完售,3
獎金,3
曲線,3
磨耗,3
理論,3
部分,3
銀行,3
贈送,3
加熱,3
視鏡,3
北市,3
跟著,3
升到,3
共振,3
間隙,3
沒賣,3
水氣,2
深色,2
舒服,2
裝到,2
錯車,2
縱置,2
照顧,2
電磁閥,2
投資,2
結婚,2
海嘯,2
老婆大人,2
柴狗,2
打入,2
紅燈,2
組合,2
開快,2
個案,2
流浪,2
沒換,2
鎖住,2
解開,2
看電視,2
爆渦,2
車王,2
盛舉,2
鋼圈,2
雲林,2
中央,2
魔人,2
正妹,2
回饋,2
中油,2
開模,2
補上,2
出發,2
影音,2
安全性,2
機柱,2
結冰,2
合歡,2
雪地,2
生意,2
關心,2
興奮,2
取消,2
當作,2
優點,2
產品線,2
車訊,2
背景,2
大腳,2
沒人,2
提過,2
紅線,2
高爾夫,2
時尚,2
萬大保,2
月份,2
惰倫,2
節氣,2
冷度,2
選取,2
改過,2
圓夢,2
計劃,2
教板,2
電盤,2
看有,2
鍍鉻,2
鳳山,2
板金,2
列為,2
燈組,2
擴大,2
規模,2
化底,2
級距,2
沒開,2
鈴木,2
收購,2
股價,2
現值,2
經驗者,2
風雲,2
年度,2
評審,2
風雲車,2
推出,2
屏東,2
標題,2
可惜,2
現行,2
北美,2
力系,2
調校,2
氣候,2
有出,2
好換,2
堅持,2
敘述,2
胎皮,2
看起,2
賣掉,2
管路,2
名稱,2
地下室,2
損壞,2
用力,2
詳情,2
車長,2
調漲,2
鯊魚,2
概念,2
打折,2
有用,2
預訂,2
美德,2
印象,2
看見,2
壓線,2
大約,2
心沉,2
用過,2
不含,2
失竊,2
強制,2
全車系,2
門檻,2
開手,2
價會,2
猜錯,2
有售,2
條胎,2
簽名,2
鹵素,2
板友,2
越改越,2
重機,2
不能,2
油品,2
配合,2
沒配,2
退訂,2
閃爍,2
行駛時,2
收費,2
大陆,2
想來,2
佩服,2
反白,2
打蠟,2
皮革,2
利害,2
耗油,2
一缸,2
越野,2
疑問,2
原裝,2
彰化,2
拍看,2
效果,2
原來,2
家人,2
廂空間,2
順暢,2
磨損,2
破損,2
轉動,2
圖示,2
人生,2
清單,2
聲浪,2
不貴,2
車網,2
搞成,2
喜愛,2
逛到,2
車展,2
不太能,2
貼出,2
賣場,2
消掉,2
亮起,2
買菜,2
滲油,2
帳號,2
沒問,2
重灌,2
線路,2
加上,2
水溫,2
看板,2
現車,2
拿掉,2
沒到,2
賤駒,2
綠燈,2
無開,2
台鳳,2
症頭,2
熱愛,2
細心,2
竹北,2
平常,2
破掉,2
鳳梨,2
連絡,2
運費,2
燈殼,2
只換,2
破壞,2
鄰居,2
商旅,2
基本上,2
油槍,2
爽度,2
基隆,2
基隆港,2
倉庫,2
開下,2
車殼,2
民權,2
東路,2
廠方,2
汐止,2
通導,2
加保,2
完整,2
表速,2
部落,2
看不出,2
拔掉,2
交流,2
車坊,2
要用,2
面板,2
放大,2
油泥,2
要買,2
問問,2
換下,2
胎壁,2
油氣,2
出處,2
設備,2
外加,2
解釋,2
台北市,2
中心,2
客服,2
申請,2
準車,2
長長,2
拖車,2
量化,2
出場,2
代有,2
液晶,2
追撞,2
內線,2
申訴,2
放車,2
轉載,2
塗裝,2
保護劑,2
拆裝,2
離開,2
打不開,2
沒電,2
改良,2
沒用,2
學習,2
下護,2
相片,2
脫落,2
碰觸,2
搞不好,2
財富,2
窮人,2
富者,2
舉辦,2
藉由,2
字樣,2
事故,2
水貨,2
打廣,2
發在,2
很棒,2
布椅,2
油量,2
意間,2
有一,2
換到,2
管子,2
請有,2
沒出,2
詳談,2
不見,2
核桃木,2
放在,2
間諜,2
跑不掉,2
差別,2
固定架,2
行進,2
檢修,2
保乙式,2
產險,2
無解,2
麻豆,2
接下,2
神人,2
汽缸,2
超音波,2
發車,2
換算,2
跑掉,2
羊角,2
視線,2
換裝,2
商務車,2
開門,2
把手,2
發文,2
頻聲,2
首歌,2
圖資,2
地圖,2
消防局,2
速比,2
油水,2
混合,2
延到,2
沒過,2
含氧,2
頭枕,2
大哥,2
香港,2
欣賞,2
女友,2
整片,2
英文,2
穿著,2
美車,2
真棒,2
可試,2
腦筋,2
節錄,2
展場,2
事項,2
請版,2
很煩,2
黃筒,2
確是,2
查詢,2
會場,2
上路,2
沒事,2
黃色,2
方車,2
來應,2
停權,2
承受,2
芯子,2
貼紙,2
緊張,2
開去,2
意思,2
沒寫,2
單純,2
誠意,2
留著,2
原價,2
驅動,2
形金,2
年款,2
絕版,2
飲料,2
防傾桿,2
傾桿,2
觸媒,2
抉擇,2
號碼,2
北縣,2
明確,2
禮物,2
運動,2
贊助,2
高溫,2
凍油,2
小西,2
嬰兒,2
來亂,2
勝出,2
打平,2
銳利,2
媽媽,2
有空,2
稀有,2
快速道路,2
快滿,2
當場,2
加錢,2
鈑件,2
想賣,2
算是,2
常跑,2
排放,2
計程,2
程車,2
當計,2
奇瑞,2
購置,2
機器,2
裝版,2
黑煙,2
過罪,2
七機八鏡,2
濾鏡,2
管線,2
兒子,2
弟弟,2
插入,2
敬請,2
說來,2
比例,2
天才,2
理完,2
產地,2
新店,2
上下班,2
出遊,2
要夠,2
耐用,2
過保,2
自售,2
資源,2
電壓,2
異味,2
多多指教,2
英文字,2
監測,2
進廠,2
隨著,2
可用,2
效型,2
過彎,2
捷安特,2
替換,2
保護費,2
遙控,2
要裝,2
品管,2
行燈,2
族人,2
貨卡,2
美式,2
巴西,2
線索,2
要人命,2
問有,2
無關,2
推車,2
油管,2
叫做,2
接手,2
牌價,2
漆面,2
流程,2
傳出,2
量產,2
景氣,2
享受,2
稱為,2
單據,2
改為,2
效能,2
開釋,2
簽約,2
合約,2
米國,2
防眩,2
嚇到,2
降價,2
刪除,2
買台,2
喜悅,2
天堂,2
米奇,2
收音,2
加強,2
乘客,2
燃料,2
估計,2
發言,2
謝謝樓,2
拍攝,2
換防,2
電影,2
林先生,2
棒棒,2
最大,2
貨物稅,2
好用,2
裝過,2
霧線,2
左後,2
美的,2
責任,2
戰鬥,2
佣金,2
造型,2
折舊,2
汽門,2
換新,2
高壓,2
資格,2
磨合,2
結構,2
消防,2
販售,2
利潤,2
出差,2
代步,2
速龜,2
誤導,2
膠帶,2
網址,2
歌名,2
想找,2
專屬,2
來換,2
車險,2
烤黑,2
苗栗,2
門板,2
橡膠,2
牟莉,2
廣大,2
不懂,2
線組,2
紀念,2
監理,2
試鏡,2
車位,2
收折,2
競爭,2
狼堡,2
專程,2
西班牙,2
修好,2
友台,2
廈門,2
覺到,2
描述,2
方案,2
保費,2
杜絕,2
防護,2
歌曲,2
死忠,2
燈具,1
氣孔,1
凝結,1
陰雨,1
霧氣,1
高熱,1
珍珠,1
流浪狗,1
勤勞,1
小弟弟,1
愛駒,1
膝蓋,1
硫化物,1
洗下,1
頭痛,1
損傷,1
權益,1
會訂,1
發電機,1
顧車,1
沒顧,1
電器,1
密技,1
不切,1
採得,1
時因,1
硬換,1
診斷,1
老金,1
用心,1
幹事,1
正點,1
遠近,1
最遠,1
找有,1
滲漏,1
師父,1
拆變,1
存款,1
閃光,1
檔行車,1
解藥,1
帳面,1
不准,1
胖狗,1
開試,1
值高,1
耗損,1
刻意,1
妳是,1
交的,1
暗藍色,1
有暗,1
辨法,1
調調,1
開暗,1
行李架,1
新品,1
片換片箱,1
畫素,1
能開,1
守著,1
轉貼,1
好駒,1
幫版,1
市車,1
嘉義謝,1
錢幣,1
鐵絲,1
硬幣,1
伸下去,1
撲滿,1
伸進,1
鑷子,1
糖球,1
差速器,1
路人,1
豪華,1
大嬸,1
較高,1
心路,1
挪出,1
聖誕,1
快樂,1
十字,1
代交,1
較亮,1
巨蛋,1
蕭亞軒,1
原版,1
辣妹,1
轉自,1
做行,1
節奏,1
緊湊,1
進不去,1
亮度,1
勸敗,1
敗到,1
私訊,1
經濟性,1
天價,1
光是,1
網購,1
失敬,1
女兒,1
高低音,1
花蓮,1
震央,1
沒搖,1
雪鏈,1
雪胎,1
積雪,1
武嶺,1
路段,1
賣車,1
場面,1
講場,1
面話,1
賠錢,1
掏腰包,1
客氣,1
要養,1
手電筒,1
電筒,1
行事,1
老梗,1
貼心,1
盤線,1
圈組,1
自付,1
付到,1
失靈,1
女主持,1
激動,1
用詞,1
不習,1
語調,1
馬路,1
節目,1
肯定,1
解說,1
日間,1
盤作,1
節能,1
二氧化碳,1
推新,1
聞名,1
讀者,1
只動,1
更改,1
反置,1
編排,1
用點,1
刷雨,1
油土,1
謎樣,1
眼力,1
麻麻,1
繩子,1
球狀,1
進檔,1
電動系,1
雨刷歸位,1
關電門,1
時聲,1
音會,1
有動,1
爬文,1
知識家,1
會用,1
翻面,1
黑心,1
箱墊片,1
掛著,1
回歸,1
板油,1
輪油,1
灌氣,1
將動力,1
臭味,1
活性炭,1
換濾網,1
過濾,1
火系,1
統是,1
水蒸,1
灰白色,1
二行程,1
社會,1
規則,1
規蹈矩,1
旁門,1
燒胎,1
少用,1
鳥松,1
憲兵,1
貼錯,1
平台,1
車貼,1
孤陋,1
寡聞,1
緣故,1
兼職,1
全職,1
操是,1
選用,1
桃色,1
大星,1
野望,1
市佔率,1
止滿,1
專攻,1
股權,1
車技術,1
入股,1
聯合,1
晚報,1
談話,1
結盟,1
監事會,1
皮耶希,1
外廠,1
輪請,1
中速,1
進排,1
壓閥,1
鎖壓,1
補貼,1
附車,1
含導,1
價應,1
賣出,1
談敗,1
沒講,1
西門子,1
供應商,1
飛鼠,1
銷毀,1
取義,1
原型,1
納粹,1
怪手,1
看法,1
鋼盔,1
引不起,1
置評,1
不予,1
酷斃,1
內文簡,1
盾型,1
轉接,1
軟骨,1
確保,1
取巧,1
蠻好,1
合資,1
適應,1
諜車,1
雨刷條,1
水痕,1
殘留,1
膠條,1
謝謝雨,1
刷用,1
軟骨雨,1
未交,1
打來,1
事實,1
_______________________________________________________,1
經營,1
利奔,1
內容,1
裝著,1
發帖,1
明藏,1
輪藏,1
只藏,1
不藏,1
突顯,1
爆龜,1
咖框,1
輸框,1
青島,1
發展,1
定居,1
擴展,1
經開,1
開愈,1
形容,1
調教,1
心臟,1
沒圖,1
幽默,1
載著,1
眼花,1
拍照,1
特地,1
阿翔,1
光光,1
佛心,1
記換,1
磨到,1
指半,1
進出,1
降低,1
立體,1
繳頭,1
期款,1
含晴雨,1
藍芽加,1
雙生車,1
組成,1
評分,1
連後,1
沒質,1
耐心,1
很困,1
借出去,1
版規,1
服務員,1
回訊,1
商業,1
性質,1
宣傳,1
購物,1
扳手,1
賣家,1
變更,1
對象,1
小姐,1
湖廠,1
姓名,1
隔天,1
說有,1
卡位,1
說售,1
沒來,1
愛用,1
方面,1
教版,1
帶有,1
超沒力,1
收入,1
負債,1
失業,1
資產,1
單身,1
黑標,1
值能,1
算夠,1
耐力,1
接近,1
繼電器,1
貴貴,1
代車,1
白金,1
單人,1
寬體,1
嚴禁,1
衝動,1
攻擊力,1
偏頗,1
違反,1
歸案,1
南區,1
沒改,1
加班,1
說降,1
商車,1
賺到,1
出錢,1
重要性,1
我用,1
側擊,1
途觀,1
配在,1
軸距,1
前進,1
氣道,1
不秀,1
廣州,1
靜態,1
評測,1
老氣,1
容量,1
實測,1
汰換,1
起跳,1
無線,1
鐵圈,1
自費,1
接著,1
不轉,1
當訂,1
萬華,1
阿智,1
實力,1
現款,1
精練,1
以歐,1
國產版,1
原廠也一,1
太大,1
超速,1
民眾,1
聯想,1
速限,1
扣帽子,1
私下,1
厂牌,1
跟出,1
一訊息,1
山寨,1
貴國,1
別克,1
澳洲,1
能登,1
登記,1
織布,1
林口,1
驚到,1
溫和,1
想問,1
壞掉,1
理會,1
器會,1
破解,1
觀賞,1
時一,1
车主,1
排情,1
孤單,1
排快,1
絕跡,1
改有,1
变速箱,1
沿用,1
猜想,1
国产,1
作业,1
手术,1
指甲,1
鈕用,1
小心,1
清水,1
地球,1
樂福,1
灌水,1
課程,1
沙灘,1
出水口,1
流道,1
誤碼,1
溫器,1
短路,1
好事,1
結帳,1
交出,1
美腿,1
整組,1
整合,1
有力,1
泉水,1
統力,1
雙樹,1
密封式,1
耳聞,1
水玻璃,1
撥水,1
水劑,1
前擋,1
今年夏天,1
水珠,1
失效,1
改搭,1
極限,1
咖拉,1
新手,1
乘坐,1
以載,1
血車,1
分期,1
西瓜,1
折現,1
歷大,1
鎖有,1
新濾心,1
夏有涼,1
時節,1
球面,1
百花,1
凸起,1
光滑,1
便是,1
看著,1
機師,1
依下,1
護費,1
區帶,1
歡樂,1
新鮮,1
網管,1
火藥,1
攻擊,1
汽機,1
臭名,1
刷牙,1
奇人,1
地利,1
上圖,1
漢諾威,1
亮相,1
披著,1
再撐,1
公車,1
實差,1
較快,1
較慢,1
空力,1
來品,1
完工,1
共勉,1
跳出,1
假消息,1
正當,1
數據值,1
不賴,1
人勒,1
靈車,1
下坡,1
時機,1
降檔,1
回魂,1
龜成,1
轉成,1
硬體,1
達成,1
寶座,1
登上,1
提前,1
金融,1
怪聲,1
專家,1
能修,1
瀏覽,1
記任,1
正信,1
嘉義,1
修當,1
電路,1
本車,1
完車,1
成目,1
代來,1
肯給,1
要到,1
吃掉,1
全都,1
投射,1
合理,1
油價,1
行義,1
查看,1
停紅,1
延遲,1
語系,1
旅程,1
按鍵,1
中階半屏,1
約合,1
對應,1
詳細,1
路測,1
看不懂,1
中標,1
來臨,1
拜來,1
行進間,1
頻繁,1
公道,1
費工,1
縣政,1
號翔友,1
內用,1
我哥,1
換輪,1
回傳,1
試裝,1
工本,1
用加,1
回廠修,1
修車廠,1
要整,1
組換,1
行問,1
挑剔,1
拉屎,1
用餐,1
桂冠,1
港邊,1
路感,1
遲滯,1
衰退,1
成熟,1
屆滿,1
公園,1
護罩,1
承襲,1
停到,1
洽詢,1
寫訂,1
時車,1
商應,1
泥板,1
認定,1
坑洞,1
記錄,1
了變,1
櫻花廠,1
路易,1
彩色,1
建成,1
振興,1
露營車,1
露營,1
燦星,1
旅遊,1
盤子,1
買進,1
選定,1
準盤子,1
小盤子,1
稱呼,1
當定,1
迈腾,1
雅閣,1
險大,1
觀點,1
不準,1
送來,1
新東西,1
小熊,1
圓周長,1
表誤,1
有誤,1
討錢,1
爆震,1
盤向,1
打似,1
體會,1
相罩,1
留給,1
車圖,1
傻眼,1
意外,1
祈禱,1
信號源,1
並接,1
想用,1
星巴克,1
車聚,1
長效,1
下禮,1
北區,1
備料,1
感情,1
插孔,1
車主升級,1
滑算,1
整成,1
牽台,1
推銷,1
訂送,1
成有,1
折約,1
木箱,1
根治,1
勁駒,1
掀背,1
車道,1
眼石,1
蠍子,1
不穩,1
罐單,1
精品店,1
衝到,1
翻譯,1
速騰,1
大灯,1
豪华版,1
兼容,1
熊友,1
相贈,1
限額,1
上班,1
接進,1
只能,1
過頭,1
廠車,1
頭線,1
繁雜,1
氣勢,1
組織,1
感多,1
改應,1
檔桿,1
預測,1
靚爆,1
統一,1
輪到,1
加高,1
全部,1
極致,1
大業路,1
熱墊,1
台卡,1
騎車,1
有重,1
疊到,1
卡車,1
大發,1
雙田,1
慘車,1
金屬海,1
太座,1
查證,1
軸心,1
雨水,1
封起,1
節省,1
小紅,1
師討論,1
型錄,1
失控,1
油漬,1
滲出,1
查遍,1
寫到,1
一體,1
前保險桿,1
沒裝,1
挖洞,1
調節,1
出風,1
吹口哨,1
裝死,1
試問,1
含工,1
會標,1
規矩,1
改進,1
永康,1
虎豹,1
現任,1
救護車,1
車的,1
緊急,1
應收,1
定保,1
濃縮,1
雨刷精,1
仿冒品,1
驚人,1
商人,1
值班人,1
泡溫泉,1
差點,1
放掉,1
巡弋,1
不妥,1
平衡,1
來到,1
免開,1
滑掉,1
是備,1
開鎖,1
變淡,1
買會,1
變大,1
指針,1
油表,1
單位,1
變為,1
只用,1
困擾,1
簡述,1
底盤護板,1
油底,1
住油,1
劇烈,1
銘鋒,1
黏好,1
黏上去,1
繞線,1
放面,1
紙盒,1
有買,1
公訂,1
亮到,1
雞蛋,1
推測,1
請先,1
感應線,1
匯款,1
設置,1
最差,1
人氣,1
備份,1
距團,1
聚日,1
跳掉,1
消失掉,1
成行,1
支持,1
魚路,1
小棧,1
聚辦,1
組滿,1
花錢,1
車用,1
多功,1
選曲,1
經由,1
起動,1
正廠,1
輸入,1
用途,1
工用,1
報紙,1
車感覺,1
信箱,1
裝潢,1
絨布椅,1
鉤子,1
不得,1
打完,1
雙凸,1
正好,1
下任,1
租車,1
租來,1
長租,1
企業,1
部會,1
特殊,1
私家,1
大雨,1
晴雨,1
造訪,1
買一,1
買鎖,1
來换,1
遊玩,1
素聞,1
單導,1
花紋,1
偏向,1
耐用性,1
矽膠,1
麻痺,1
跟現,1
不曉,1
採著,1
微抖,1
沒送,1
桑瑪克,1
含前,1
進過,1
重覆,1
降成,1
搞混,1
外國,1
燃油,1
接合,1
傷變,1
補油,1
桌子,1
旋轉,1
張開,1
入鏡,1
夾層,1
音響用,1
不著,1
跟放,1
放手,1
不下,1
合成照,1
縮短,1
有史,1
保要,1
冒險,1
生質,1
烤成,1
同色,1
蜂巢,1
用品,1
保留,1
印像,1
問圖,1
保是,1
樓主想,1
實前,1
沒霧,1
皮耶,1
輸輸,1
大嘴巴,1
秘密,1
福士,1
待速,1
規律,1
浪費錢,1
離職,1
流板,1
消保會,1
瑕疵,1
改正,1
委員會,1
盜險,1
保丙式,1
加碼,1
報案,1
不測,1
價拉鋸,1
戰耗,1
責任險,1
現貨,1
老朋友,1
相見,1
歡大,1
列舉,1
輪輪胎,1
顧家,1
姓羊,1
新台幣,1
湖標,1
查出,1
天會,1
下壓,1
卡損,1
不順,1
有破,1
裂縫,1
賣完,1
收回,1
過過,1
照像,1
太晚,1
沙鹿,1
沒了,1
轉至,1
感器,1
邁騰,1
減輕,1
全段,1
包子,1
加起,1
毫宅,1
貨櫃,1
鄉民,1
精喜,1
猜到,1
炭刷,1
碳刷,1
談開,1
都普勒,1
效應,1
勇氣,1
雙邊,1
小數,1
制日,1
保回,1
可請,1
優質,1
背感,1
塞車,1
螺栓,1
軸防塵,1
機舵桿,1
和尚,1
宏益,1
宏益貼,1
統盛,1
門鎖會,1
開開,1
關關,1
驚嘆,1
牛排,1
燈罩,1
研討,1
白光,1
飛利浦,1
保內,1
瑞士,1
小電腦,1
專案,1
問關,1
好料,1
沒戲,1
心急,1
飯店,1
大台,1
保母車,1
超帥氣,1
對開,1
遇道,1
運鈔車,1
很壯,1
門車,1
俐落,1
分離,1
拉開門,1
簡體,1
遺症,1
現像,1
開換,1
懂車,1
音響主機,1
插槽,1
中文,1
水汽,1
改接,1
彎道,1
話題,1
外殼,1
不換,1
監視器,1
實景,1
亂入,1
取景,1
模糊化,1
家康,1
好消息,1
結書,1
付清,1
清售,1
變換,1
虛線,1
賣像,1
整部,1
前提,1
要加,1
油孔,1
排到,1
福懋,1
嘉雲,1
宗承,1
北港,1
紅牌,1
甩尾,1
龜友,1
小謝,1
黃龜,1
胖董,1
伺服,1
招呼,1
心思,1
新華,1
作是,1
長相,1
赤子心,1
哲生,1
原力,1
器間,1
樂表,1
很妙,1
表板,1
送驗,1
檢知,1
整修,1
稱作,1
衍生,1
太貴,1
止息,1
所求,1
下手,1
時雨,1
面向,1
不裝,1
順著,1
試著,1
肉場,1
引驚,1
氣氛,1
肅靜,1
邊線,1
精進,1
服裝,1
離地,1
有配,1
對手,1
犧牲,1
可想,1
說到,1
代上,1
預期,1
試過,1
回頭,1
上癮,1
檔會,1
雄大,1
部門,1
照傳聞,1
匹馬,1
架構,1
理家,1
例句,1
對車,1
著蓋,1
沒空,1
理車,1
主現,1
場馬,1
謝甚,1
不吝,1
雙區,1
消保,1
律師,1
不該,1
時亮,1
總成,1
高手,1
太太,1
願要,1
縫隙,1
鐵框,1
好賣,1
思登,1
軟硬,1
高低,1
減震筒,1
上手,1
包括,1
軍功路,1
原車,1
不給,1
較佳,1
研發,1
王道,1
冷排,1
點綴,1
一大,1
偷笑,1
麥可,1
寶馬,1
碰到,1
教意,1
車來源,1
協助,1
法規,1
銀幕,1
完畢,1
發表會,1
美麗華,1
典華,1
櫃台,1
簽到,1
甜點,1
要快,1
要出,1
內裝質,1
感比,1
輕睬,1
變得,1
牛肉,1
表列,1
定焦,1
違規,1
保車,1
體險,1
表演,1
搭著,1
會會場,1
香檳,1
小點,1
登場,1
表式,1
鋼板,1
事人,1
單區,1
配版,1
真皮包,1
覆式,1
角錐,1
碳纖,1
維飾,1
卡通,1
掛載,1
致使,1
主站,1
寧靜,1
道路,1
補油門,1
要補,1
會空,1
翁翁翁,1
貼隔,1
陽簾,1
透明,1
前人,1
檔光,1
要開,1
來去,1
動彈,1
徐哥,1
物箱,1
充滿,1
嘉維,1
瘋狂,1
拉轉,1
升降,1
排入,1
公文,1
毛病,1
福特,1
車盤,1
熱縮,1
款式,1
改版,1
光業代,1
浮點,1
發開,1
箱文,1
乘到,1
修要,1
針箭號,1
時針,1
風力,1
兩格,1
切換,1
四格,1
箭號,1
不強,1
鍛造,1
雙喜臨,1
喜臨,1
受損,1
蠻重,1
停不下,1
單片,1
籌備,1
等著,1
高貴,1
頂級款,1
個分,1
換錯,1
換觸,1
有誠,1
拉動,1
想購,1
凹點,1
謝謝換台,1
作請,1
馴車,1
部討論區,1
台國,1
西西,1
帥帥,1
磨差,1
實傳,1
改良版,1
沒聲,1
催看,1
關冷氣,1
關有,1
前者,1
法國,1
浪漫,1
速變,1
單離合器,1
獅子,1
造車,1
黏在,1
百貨,1
疑慮,1
居停,1
沒看,1
期型,1
找資,1
卡門,1
犬子,1
出品,1
飆車,1
室拉桿,1
下防,1
屬觸,1
開拆,1
下觸,1
電焊,1
上金,1
辦有,1
超值,1
作業書,1
折頁,1
榮森,1
長途,1
泡水,1
淹水,1
層樓,1
末碼,1
請緩,1
免得,1
同情,1
禮賓,1
世運車,1
典藏,1
延續,1
世運禮,1
下滑,1
燒毀,1
斷油,1
順位,1
割愛,1
送給,1
自取,1
加排,1
我嚕,1
門手,1
好養,1
壓低,1
廠家,1
換保,1
降下,1
店址,1
閒聊,1
晝行燈,1
秀山,1
交通,1
異性,1
有升,1
過級,1
拍上,1
車皮,1
附送,1
進好,1
乾布,1
增長,1
見識,1
太棒,1
換訂,1
很穩,1
煙器,1
座門,1
定義,1
流線,1
動感,1
優雅,1
深入,1
力道,1
國產圈,1
咖鋁,1
桃園地區,1
單向,1
慣單,1
支架,1
支保,1
那師傅,1
灌新,1
新竹人,1
進化,1
入門,1
平穩,1
結局,1
戲劇化,1
貼圖,1
訂期,1
分攤,1
殺價,1
學校,1
答出,1
正解,1
西濱,1
搶答,1
破紀錄,1
雙燕,1
確版,1
欠著,1
鹿港,1
車重,1
指南,1
再延,1
網頁,1
門款,1
說定,1
報高,1
陪陪,1
開動,1
社區,1
全景式,1
清掉,1
耍脾氣,1
挫感,1
回保,1
養廠,1
慢速度,1
氣車,1
車主會,1
完長,1
蓋大約,1
熱氣,1
位子,1
比起,1
感受,1
特性,1
對調,1
我妹,1
砍掉,1
抱怨,1
壓到,1
重焊,1
翻車,1
工法,1
重物,1
焊過,1
車阿,1
排行榜,1
來加,1
筆紀,1
成電子,1
德文,1
查字典,1
燈炮,1
文字,1
保換,1
卡實,1
胖子,1
談談,1
慶修,1
頂級,1
大師,1
金曲,1
金馬獎,1
金鐘獎,1
藝人,1
典禮,1
前保桿,1
車式,1
回家,1
交車期,1
度沒,1
開銷,1
排場,1
關門,1
厚薄,1
金坷拉,1
觀感,1
車實,1
曲軸箱,1
化器,1
怪裡,1
怪氣,1
最愛,1
杭州,1
時牌,1
車太炫,1
廣場,1
區萬芳,1
洗出,1
参加,1
文山,1
自助,1
留言,1
隔熱,1
紙會,1
殺車,1
送隔,1
問保,1
養費,1
日系,1
確歐,1
加州,1
靈敏,1
獨到,1
亮加,1
攜車,1
板手,1
會帶,1
車箱,1
背式,1
____,1
架型,1
高度,1
適登,1
裝完,1
新裝,1
關西,1
組彈,1
輪弧,1
羨慕,1
駕照,1
套裝,1
出過,1
包外,1
陽明山,1
效率,1
贊同,1
結合,1
聰明,1
切掉,1
想像,1
板件,1
沒鎖,1
乘業務,1
冷清,1
沒買,1
二者,1
景美,1
攻牙,1
牙套,1
展大,1
廢鐵,1
自攻,1
不銹鋼,1
請攻,1
牙店,1
攻進,1
租屋,1
創業,1
牛頭牌,1
年紀,1
銘峰,1
組長,1
先電話,1
問路,1
國道,1
運輸,1
水準,1
檔次,1
買賣,1
要賣,1
拆下,1
積碳,1
員林,1
右舍,1
電門,1
打給,1
連國,1
強迫,1
警車,1
判官,1
違法,1
西門町,1
彩繪,1
超帥,1
大台北,1
好業代,1
營業員,1
營業所,1
現進,1
曉以,1
小地,1
時差,1
沒調,1
下擾,1
鋼琴,1
鏡面,1
密秘,1
最貴,1
查完,1
補足,1
燈伴,1
代驗廠,1
場驗車,1
色溫,1
鐵定會,1
龜車,1
亞拉,1
瓶身,1
小狗,1
省點,1
車能,1
偷開,1
值為,1
打氣,1
太少壽,1
小邱,1
腳踏車,1
登山,1
案例,1
提到,1
成功,1
力表,1
實驗,1
變差,1
得到,1
車部,1
出去,1
轉置,1
美麗,1
奶油,1
忍者,1
門路,1
請諒,1
拍有,1
橘的,1
車店,1
追風,1
變身,1
骨董,1
忠孝,1
搖控,1
鎖車,1
控模,1
組用,1
器鎖門,1
在開,1
挑釁,1
超車,1
不好惹,1
處罰,1
絕得,1
旅圈,1
嵌入式,1
外貼,1
刮傷,1
造成,1
硬度,1
面膠,1
表達,1
欺負,1
味口,1
成像,1
不合,1
找到,1
按住,1
不放,1
弄弄,1
冰棒,1
偷玩,1
功率,1
大器,1
海灘,1
遊俠,1
進攻,1
雙廂,1
人會,1
較軟,1
有勁,1
杯架,1
次數,1
愛亮,1
包覆,1
卡鉗,1
好選,1
上蓋,1
採煞,1
跟關,1
見量,1
真亮,1
上禮,1
浪費,1
車金,1
踩下去,1
勇敢,1
笑死人,1
發購,1
再開,1
總覺,1
山氣,1
象台,1
山氣象,1
呼嘯,1
選過,1
開頭,1
台灣省,1
聲器,1
限速,1
特色,1
真糟糕,1
砍價,1
買家,1
預定,1
存著,1
折疊,1
其他配件,1
雅歌,1
橫桿,1
警報,1
器升級,1
靈悍,1
問友,1
面算,1
報到,1
心標,1
達不作,1
要回,1
北彰,1
彰現,1
全富,1
豐富,1
發電,1
機皮,1
帶盤,1
鈴鈴,1
加購,1
攝影,1
快捷,1
很滿,1
殘念,1
鄉親,1
中正路,1
從長榮,1
用油,1
效油,1
烏龍,1
伸長,1
伸短,1
平移,1
平板,1
座位,1
剩沒,1
估約,1
不限,1
算不算,1
保障,1
少掉,1
阿榮,1
篇文,1
說棄,1
改上,1
誠度,1
休息室,1
讀到,1
終止,1
蜥蜴,1
看不到,1
影子,1
官方,1
細雨,1
年齡層,1
說著,1
不變,1
價錢會,1
沒變,1
是現,1
金價,1
最新消息,1
時能,1
商坳,1
折讓,1
有意,1
宗路,1
跡像,1
退車,1
消除,1
爆炸,1
摸著,1
剝皮,1
排擋,1
儀表,1
發過,1
認可,1
市售兒,1
馬大師,1
感應區,1
狂刷,1
不冷,1
告說,1
完美,1
剩下,1
輪有,1
感變,1
評語,1
高級,1
意義,1
淡水,1
漁碼,1
滿亂,1
確任,1
能教,1
團長,1
小劉,1
海嘯後,1
榮景,1
船期,1
荷包,1
合金,1
石頭,1
帕薩特,1
行人,1
受重,1
油油,1
韓國,1
偷換,1
天壤,1
時期,1
成胎,1
水泵,1
請教,1
作法,1
提早,1
拆到,1
換正,1
時皮,1
換過,1
浦一,1
謝謝水,1
浦若,1
氣泡,1
邊緣,1
泡泡,1
消失,1
公關,1
沒交,1
雨刷水,1
感應式,1
保麗龍,1
計程車,1
運將,1
載客,1
拿來,1
壓迫,1
一點點,1
看會,1
礙眼,1
活塞,1
接觸,1
堪用,1
屈就,1
學疏,1
認知,1
修圖,1
畫家,1
塗掉,1
有族友,1
遠觀,1
褻玩,1
雙人,1
拔出,1
防搶,1
上車,1
遙控器,1
車拔,1
商用,1
吊式,1
大人,1
熊熊,1
來開,1
滿滿,1
運用,1
太花,1
尋找,1
天蠍女,1
消費,1
型式,1
装置,1
形式,1
單凸,1
送修,1
偏掉,1
語病,1
開沒,1
不久,1
減震,1
不行,1
講解,1
連同,1
圈數,1
問彈,1
運主場,1
屍體,1
蟲子,1
蚊子,1
蚊蟲,1
撞死,1
小蟲子,1
卡過一,1
小貓,1
鄉間,1
豐田,1
吉利,1
長安,1
神龍,1
標致,1
防塵,1
塵套,1
動軸,1
副廠,1
會差,1
萬變,1
拍及,1
露拍,1
賣方,1
場料,1
有加,1
只剩,1
寶藍色,1
總價,1
機子,1
藍牙,1
良心,1
規劃,1
鹿谷,1
電動尾門,1
特訂,1
林義傑,1
會長,1
代言,1
普普,1
跑跑,1
疑惑,1
四顆也是裝台,1
凹成,1
蒸發器,1
冷藏室,1
萊茵,1
錢阿,1
車陣,1
冒著,1
才能,1
排比,1
車主想,1
參觀,1
愛手,1
查閱,1
速濕式,1
減短,1
搶眼,1
低音,1
終極,1
微粒,1
序號,1
車裝,1
贓物,1
顆粒,1
機械室,1
稅率,1
完稅,1
營業稅,1
計算,1
推廣,1
假裝,1
花路,1
文心,1
肩膀,1
枕頭,1
受傷,1
配大,1
搖動,1
耳朵,1
人家,1
叔叔,1
灰灰,1
避光,1
賞車,1
死硬,1
培林,1
函扣,1
承壞,1
輪軸,1
紙貼,1
重貼,1
奇怪,1
板車,1
引起,1
刺眼,1
密合,1
客運,1
龜裂,1
免責,1
聲明,1
構成,1
承擔,1
裂化,1
擷取,1
類似,1
機體,1
戰鬥機,1
張後,1
得看,1
外星,1
航空,1
加改,1
反對,1
入會,1
費折,1
有換,1
屬意,1
可改,1
看現,1
分類,1
進水,1
沒遇,1
作做,1
外框,1
清楚,1
平面,1
難用,1
路線,1
坊間,1
龐大,1
優先,1
項為,1
筆者,1
記者,1
名模,1
賣到,1
行銷,1
權宜,1
沒進,1
霸氣,1
黃燈,1
回程,1
全台灣庫,1
存車,1
可選,1
可賣,1
加水,1
知剩,1
不蓄,1
貨源,1
磨合期,1
馬兒,1
導管,1
氣門室,1
發售,1
讀書,1
讀累,1
美村,1
熟析,1
蠻大,1
下沉,1
走到,1
小工,1
扣抵,1
作保,1
成員,1
四驅,1
操控性,1
氣球,1
太小,1
灌好,1
殘值,1
常態,1
駕駛人,1
課長,1
提說,1
圓形,1
塑膠門,1
把換,1
練武,1
訂待料,1
檔入,1
停妥,1
無入,1
假油,1
均衡,1
配胎,1
訓練,1
發音,1
念法,1
出屎,1
進港,1
平盤,1
打孔,1
別板,1
強者,1
改善,1
傳來,1
熱車,1
出國,1
電力,1
有神,1
艷陽,1
熱帶,1
調真,1
堵著,1
正名,1
老爹,1
正體,1
演繹,1
漢森,1
意境,1
投放,1
代替,1
兄弟,1
高性能,1
接受,1
想試,1
泰國,1
錯覺,1
車市,1
粉怪,1
我霧,1
挑嘴,1
請問,1
市售,1
大獎,1
得獎,1
拿下,1
世界,1
日幣,1
含稅,1
抹布,1
扳開,1
擊發,1
泡棉,1
參與,1
加價,1
加量,1
看嚕,1
平原,1
上課,1
代到,1
勞駕,1
放廣,1
播有,1
辨識,1
飾版,1
眼見,1
補給,1
杯價,1
夾合,1
腳斷,1
置杯,1
供應,1
真皮,1
前排,1
落差,1
冠軍,1
湖及,1
中和,1
展式場,1
區域,1
想詢,1
拖吊,1
胎店,1
壓續,1
備胎室,1
補胎劑,1
換前,1
廠料,1
上換,1
備品,1
部品,1
外號,1
側裙,1
水蛙,1
光陽,1
葵花油,1
有點,1
對比,1
蘋果,1
圖案,1
協調,1
底色,1
反差,1
電視訊號,1
音效,1
接縫,1
伸縮,1
偏滑,1
橋板,1
會滑,1
理賠,1
華南,1
友邦,1
富邦,1
專員,1
改到,1
小妹,1
胎面,1
沒訂,1
動變,1
速器,1
情報,1
進一布,1
兔子,1
禮拜,1
顯眼,1
兔字,1
進軍,1
遊戲,1
____________,1
_____,1
__,1
________,1
阿謝謝,1
傷感,1
比擬,1
可跑,1
台中市,1
充數,1
小編,1
轉台,1
還算,1
畫面,1
雜訊,1
停格,1
請為,1
像是,1
重低音,1
行經路,1
板間,1
處有,1
滑油,1
犀牛皮,1
拐拐,1
門縫,1
門扣,1
門框,1
用料,1
點交,1
中英文,1
隔板,1
電系,1
品嚐,1
有變,1
帥氣,1
車主是,1
職業,1
軍人,1
張照,1
能選,1
商進,1
物盒,1
透光率,1
幸運,1
超幸,1
精修,1
朝夢,1
代為,1
訂購,1
單量,1
可退,1
變重,1
微粒子,1
停下,1
___,1
賣頭,1
練成,1
想殺,1
價叫業,1
買方,1
意度,1
專人,1
科技,1
增加,1
有亮,1
嘉義宗,1
進收,1
費站,1
照例,1
揮別,1
冷鋒,1
靓車,1
縣長,1
海綿寶,1
棒球,1
寒流,1
集合,1
提示,1
風速,1
鎖訂,1
護照,1
國產主機,1
畫質,1
差價,1
到位,1
看吧,1
控制器,1
鐵屑,1
濾蕊,1
所開,1
滿大,1
作為,1
瞭解,1
體驗,1
團隊,1
挺大,1
有福,1
刪刪,1
可買,1
請開,1
個價,1
能賣,1
黃牛,1
證明,1
領牌員,1
沒牌,1
大牌,1
起至,1
報出,1
細項,1
鐵牌,1
車要驗,1
最進,1
作業,1
嚴謹,1
步驟,1
經驗值,1
要作,1
誘導,1
順口,1
虎濫,1
通知函,1
鏤空,1
吃飯,1
憑著,1
邀請,1
不算,1
來改,1
手頭,1
寬裕,1
燒錢,1
節制,1
出頭,1
做動,1
雨珠,1
坐動,1
趴下去,1
翻起,1
做應,1
油芯,1
認帳,1
可言,1
全額,1
全額貸,1
成數,1
閃神,1
爬格子,1
評比,1
中意,1
底限,1
熱賣,1
偏愛,1
承諾,1
傾角,1
加速性,1
鋼珠,1
廣角,1
猜得到,1
問團,1
可議,1
廠價,1
友人,1
阿治,1
翔友,1
較低,1
慘劇,1
路福,1
燒到,1
私房,1
代碼,1
代號,1
身識,1
流水,1
所示,1
照定價,1
直營店,1
銷商,1
關廠,1
缺車,1
開生,1
產線,1
麥臣,1
誰壞,1
存粹,1
知識性,1
口水,1
研究,1
關閉,1
藏式,1
旗艦,1
開幕,1
參閱,1
產化,1
原文,1
饅頭,1
小米,1
小布,1
要求,1
借完,1
故事,1
業帶,1
沒貨,1
隔熱貼,1
娃娃,1
請務,1
公認,1
還真,1
套句,1
大修,1
權威,1
分解,1
友直,1
友諒,1
友多聞,1
波蘭,1
出產,1
葡萄牙,1
比利,1
捷克,1
出租车,1
滿街,1
推撞,1
車禍,1
學家,1
經典車,1
改管,1
開蓬,1
浪聲,1
上過,1
美阿,1
脫困,1
踏下,1
還酸,1
卡在雪,1
試測,1
階段,1
流傳,1
類間,1
張顯,1
表層,1
管有,1
風機,1
洩漏,1
精裝,1
普利司通,1
靜音,1
駕駛者,1
滾動,1
車輪,1
圓周,1
負載,1
報名,1
阿源,1
阿介,1
岡山,1
阿傑,1
阿俊,1
雅虎,1
大長,1
加過,1
縮比,1
存在,1
掉色,1
平光,1
落漆,1
作大,1
蠟島,1
拿去,1
了有,1
噴會,1
自解,1
焦味,1
無用,1
代出,1
手工,1
炫耀,1
導車,1
車格,1
物價,1
收車價,1
養家,1
砍到,1
記住,1
鏡子,1
角座,1
取下,1
不亮,1
分為,1
舊品,1
部空間,1
長度,1
高位,1
煙灰缸,1
斷掉,1
改法,1
擊速,1
要好看,1
舊式,1
分離式,1
退檔,1
沒折,1
收不收,1
折式,1
裝賓士,1
好帥,1
真利,1
圈加,1
斯文,1
不小,1
眼睛,1
洋行,1
買去,1
口啤,1
登入,1
易明,1
記號,1
引來,1
側目,1
方便,1
直徑,1
拉傷,1
車台,1
油壓筒,1
一格,1
急煞,1
速度,1
愉悅,1
賽事,1
個險,1
碰車,1
太合,1
數約,1
強生,1
會感,1
超想,1
提現,1
金買車,1
車貸,1
包含,1
色差,1
補漆,1
傷痕,1
不會,1
出價,1
先砍,1
買入,1
商報,1
飛行,1
赤兔,1
番薯,1
眼界,1
冰箱,1
恐怖,1
傷害險,1
保額,1
廢責,1
要續,1
網兄,1
傾向,1
財損險,1
任險,1
獲利,1
降低成本,1
良率,1
風暴,1
客訴,1
扁平,1
濱江,1
協聖,1
邁入,1
毀譽,1
參半,1
福相,1
停產,1
馬場,1
圈圈,1
風車,1
故鄉,1
塗料,1
漆料,1
底漆,1
烘烤,1
上漆,1
凱瑞,1
面漆,1
耳膜,1
風聲,1
被壓,1
風壓,1
抽出去,1
重影,1
沒上,1
帶來,1
引擊,1
升擋,1
肇事者,1
對方,1
可談,1
統計,1
碼子,1
騙子,1
不識,1
平地,1
滑動,1
實現,1
答應,1
交共軌,1
噴射,1
台票,1
內建,1
保險桿,1
過完,1
買休,1
車美,1
沒錢,1
探詢,1
老公,1
最高,1
阻力,1
污泥,1
很順,1
漏電,1
漏光,1
碗公,1
尾巴,1
拼比,1
圈壞,1
氣溫,1
通通,1
仁德,1
南極,1
噱頭,1
總泵,1
混用,1
合適,1
區分,1
沸點,1
播放,1
操作,1
專輯,1
電流,1
編輯,1
順序,1
釋放,1
進車,1
爛路,1
常會,1
進場到,1
沒停,1
右門板,1
趴著,1
開大,1
耐看,1
列印,1
謠傳,1
誤認,1
合成,1
推推,1
靚車,1
D版,1
飾板,1
大廠,1
紐西蘭,1
款車,1
沒見,1
獅子牌,1
受歡,1
漏掉,1
支持者,1
登台,1
程度,1
查維修,1
沒修,1
急著,1
關機,1
開機,1
價目,1
支腳,1
支點,1
不良,1
塑料,1
裂痕,1
馬力機,1
負荷,1
講究,1
啟用,1
胎溫,1
雙面,1
荷重,1
著重,1
