系統,565
設計,545
引擎,514
搭載,365
配備,318
自排,307
擁有,289
空間,280
動力,263
車型,254
採用,238
搭配,230
車款,190
表現,190
外觀,187
車身,183
駕駛,177
輸出,169
扭力,152
馬力,147
展現,145
舒適,144
房車,133
標準,131
車系,129
導入,127
內裝,122
運動,121
渦輪,114
行車,114
力系,111
輔助,109
安全,108
車輛,104
油耗,102
改款,100
豪華,98
市場,98
風格,97
引進,95
座椅,93
增壓,90
動感,87
節能,86
透過,84
車室,84
駕駛者,81
性能,80
選擇,79
車頭,79
消費者,76
頭燈,75
操控,74
最大,73
車體,72
車主,72
造型,71
頂級,68
底盤,68
資訊,68
動態,67
駕馭,66
護罩,66
設定,62
柴油,61
提供,60
加速,59
變速,58
模式,58
汽油,57
調整,56
整體,54
全車系,54
匹馬,54
顯示,54
介面,54
樂趣,53
防護,53
電動,52
產品,51
公升,51
達到,50
速手,48
電子,48
全車,47
成為,47
質感,44
藉由,44
優異,43
技術,43
結合,43
轉向,43
旅車,42
國產,42
鍍鉻,41
登場,40
滿足,40
氣囊,39
進化,39
時尚,39
部份,38
優雅,38
專屬,38
懸吊,38
年式,38
軸距,38
保桿,38
旗艦,37
四門,37
流線,37
煞車,37
現行,37
具備,37
創造,37
智慧型,37
雙離合器,36
水準,36
尾燈,36
進氣,36
雙門,35
套件,35
進口,35
獨立,34
強化,34
延續,34
線條,34
變速箱,33
車壇,32
銷售,32
本車,32
進行,32
螢幕,32
帶來,32
優勢,31
創新,30
轉速,30
車頂,29
承襲,29
俐落,29
運動化,29
力表,29
材質,28
運用,28
乘坐,27
經典,27
科技,27
乘客,27
控制,27
偵測,27
行李,26
可變,26
音響,26
視覺,26
車側,25
警示,25
驅動,25
影音,25
機能,24
傳承,24
販售,24
寬敞,24
有著,24
品質,24
尺碼,24
能夠,24
穩定,24
風潮,24
歡迎,24
氣息,24
原廠,23
功能,23
變化,22
乘員,22
越野,22
椅背,22
升級,22
豐富,21
發表,21
切換,21
升車,20
呈現,20
整合,20
路況,20
小車,19
空調,19
硬頂,19
創下,19
排變,19
反應,19
個性,19
營造,19
水箱,19
行駛,19
車化,19
跑車,18
升直,18
傳統,18
新車,17
團隊,17
規格,17
霸氣,17
充滿,17
兼顧,17
訴求,16
實用,16
靈活,16
傳動,16
真皮,16
經濟,16
特點,16
量化,16
排氣,16
駕乘,16
旅行,15
構造,15
成績,15
款車,15
銳利,15
娛樂,15
車艙,15
年輕,15
開啟,15
靜止,14
級距,14
體驗,14
獲得,14
收納,14
車尾,14
台灣,14
腰線,14
超長,14
加寬,14
換檔,14
提升,14
發出,14
陣營,14
導航,14
發揮,14
氣門,14
進氣口,14
高光澤,14
黑色,14
架構,13
包含,13
歐洲,13
氣勢,13
基礎,13
獨特,13
置物,13
先進,13
音源,13
空力,13
減少,13
智慧,13
買家,13
跨界,13
急煞,13
動能,13
發展,12
結構,12
強悍,12
時間,12
版本,12
裝置,12
尾門,12
特徵,12
新增,12
感受,12
完美,12
加持,12
停車,12
通訊,12
尾管,12
背車,11
向來,11
代理,11
不錯,11
領域,11
媒體,11
喜愛,11
出遊,11
觸控,11
修飾,11
流暢,11
解析度,11
空氣,11
廂式,11
排氣量,11
開發,11
合金,11
可達,11
裕隆,11
濃郁,11
超跑,11
寬闊,11
中華,11
誕生,11
操作,11
座艙,11
自動,10
稱道,10
特質,10
貼心,10
狀態,10
氣壩,10
增添,10
高達,10
氣量,10
音樂,10
氛圍,10
前保桿,10
實用性,10
時速,10
研發,9
避震器,9
進入,9
明顯,9
啟動,9
頭家,9
觀上,9
強調,9
修長,9
角度,9
超過,9
增長,9
細微,9
維持,9
汽車,9
省油,9
掀背,9
更具,9
移動,9
名號,9
發生,9
包覆,9
強大,9
高度,9
轎跑車,9
賦予,8
車名,8
話題,8
好評,8
容納,8
進軍,8
七速,8
調性,8
腳步,8
油門,8
機械,8
輪廓,8
系車,8
日系,8
尊貴,8
照明,8
調校,8
尾翼,8
全彩,8
三菱,8
細部,8
紡錘,8
避震,8
速箱,8
鋁質,8
列為,8
中文,8
突顯,8
國人,7
一甲子,7
豪華車,7
標配,7
實力,7
正統,7
車色,7
車高,7
打平,7
休閒,7
車展,7
彈性,7
族群,7
變換,7
防滑,7
車道,7
手機,7
嬌小,7
商用,7
搶攻,7
電池,7
輪圈,7
尊爵,7
躍動,7
輪胎,7
領先,7
人座,7
機能性,7
噪音,7
風貌,7
美國,7
新造型,7
豐沛,7
電力,7
超越,7
三缸,7
力學,7
銀色,7
面板,7
操駕,7
鎖定,7
過程,7
出力,6
特色,6
決定,6
問世,6
德國,6
確保,6
歷代,6
雙肋,6
車頂線,6
車線,6
編成,6
剛硬,6
晶鑽,6
傑出,6
詮釋,6
行動,6
橫柵式,6
顛覆,6
廢氣,6
陡坡,6
物品,6
奢華,6
身形,6
配置,6
用車,6
效率,6
原裝,6
尊榮,6
智能,6
理念,6
了傳,6
優渥,6
邁入,6
獨樹,6
衛星,6
房車款,6
打響,6
飽滿,6
低噪音,6
規劃,6
配合,6
連續,6
網狀,6
推出,6
王者,6
冠軍,6
感應,6
著進,6
斜背,6
視野,6
細膩,6
採取,6
呼應,6
偏離,6
光燈,6
極高,6
亮麗,6
電話,6
錯認,6
旋鈕,6
廂空間,6
身軀,6
選配,6
當家,5
重視,5
加長,5
變得,5
來源,5
圓潤,5
討喜,5
感覺,5
類似,5
肩線,5
差異,5
定義,5
單元,5
特性,5
弧型,5
車長,5
排放,5
車況,5
延伸,5
鮮明,5
折線,5
家族化,5
稅制,5
杯架,5
科技化,5
循環,5
前衛,5
改採,5
皮椅,5
便利性,5
耐操,5
省稅金,5
實惠,5
行路,5
回饋,5
評價,5
北美,5
統購,5
車思維,5
實現,5
活躍,5
青鳥,5
迷應,5
國產車,5
高頂,5
極佳,5
乘用,5
帶有,5
打造,5
享受,5
靈敏,5
賽車,5
雙側,5
遙控,5
思惟,5
少見,5
穩重,5
紀錄,5
活潑,5
傾倒,5
系標,5
阻尼,5
深具,5
哲學,5
美學,5
立體,5
速比,5
驚艷,5
菁英,5
馬達,5
辨識,5
應用,5
彎道,5
忠實,5
跑格,5
層峰,5
分隔,5
盛起之,5
展開,5
頂篷,5
項目,5
行燈,5
導流,5
氣孔,5
銘牌,5
風情,5
圓弧,5
氣度,5
燈光,5
鍍鉻飾,5
橫柵,5
傳輸,5
啟閉,5
歐系,4
入門,4
意義,4
時期,4
乘座,4
引發,4
討論,4
滑門,4
打開,4
車重,4
減輕,4
檔狀態,4
踩下,4
疲勞,4
載貨,4
樂活,4
拆除,4
八速,4
轎式,4
玻璃,4
四缸,4
福斯,4
負重,4
目標,4
剎車,4
商旅,4
燈組,4
區域,4
人氣,4
深獲,4
油電,4
時代,4
國產化,4
地形,4
另配,4
風行,4
餘國,4
享譽,4
商務,4
改變,4
音響主機,4
檔位,4
放大,4
本質,4
側裙,4
隔音板,4
圍繞,4
血統,4
成員,4
曲線,4
堪稱,4
資料,4
圖資,4
定位,4
車級,4
行李箱,4
繼續,4
生產,4
防撞,4
步行者,4
參與,4
規車,4
核桃木,4
膝部,4
優先,4
擾流,4
確立,4
細分,4
迷人,4
背款,4
管理系,4
車門,4
粗獷,4
生力,4
起為,4
領軍,4
負起,4
打擊,4
重責,4
追加,4
分流器,4
賽道,4
造就,4
精進,4
高質,4
油電車,4
價值,4
輔以,4
共軌,4
身為,4
德系,4
出眾,4
成熟,4
青睞,4
亞太區,4
無車,4
精華,4
車位,4
飾板,4
張力,4
過去,4
挹注,4
都會,4
頭部,4
顯出,4
優雅線,4
開起,4
弧線,4
狀飾板,4
顏色,4
門檻,4
電影,4
開拓,4
客層,4
現身,4
服務,4
鈑件,4
採光,4
陽光,4
熱能,4
放倒,4
旅行箱,4
連桿,4
差速器,4
發現,4
汽柴油,4
分離,3
依序,3
歷史,3
簡潔,3
情況,3
寬裕,3
終於,3
上的,3
排與,3
可調,3
厚實,3
企圖,3
滿載,3
氣簾,3
變動,3
簡化,3
五速手,3
日內瓦,3
電動車,3
帳篷,3
露營,3
內瓦車,3
踏板,3
休息,3
咖啡杯,3
定速巡航,3
原木,3
面貌,3
業界,3
功能性,3
大獎,3
受重,3
一體,3
軸車,3
容積,3
適合,3
競爭力,3
售價,3
威脅,3
市佔率,3
可讀,3
電動馬,3
油價,3
體化,3
感先,3
換裝,3
薄型,3
改為,3
打滑,3
下坡,3
增加,3
纖維,3
倒梯形,3
極光,3
觸控式,3
靈巧,3
防線,3
風險,3
更添,3
壓力,3
分配,3
重擔,3
挑高,3
滑軌,3
方車門,3
沉穩,3
攣生,3
血緣,3
碩大,3
寧靜,3
觀設,3
車市,3
暢銷,3
音效,3
可愛,3
最小,3
敏捷性,3
極致,3
背式,3
晝行燈,3
精典,3
平衡,3
絕妙,3
車規,3
無壓,3
原生,3
馭光,3
侵掠,3
轎車,3
幸福,3
優質,3
重點,3
達卡賽,3
戰績,3
記錄,3
胎壓,3
牛仔布,3
原本,3
內裝質,3
最愛,3
巡弋,3
依循,3
殊榮,3
焦點,3
執行,3
鑰匙,3
面積,3
風味,3
六速,3
插孔,3
共計,3
烤漆,3
魂動,3
剛性,3
降噪,3
紐約,3
要角,3
帶領,3
經營,3
搶眼,3
廣受,3
先鋒,3
部隊,3
前輪,3
褶痕,3
剽悍,3
導向,3
內瓦,3
擴展,3
歐陸,3
光源,3
高爾夫,3
球袋,3
更佳,3
工藝,3
渦流,3
高性能,3
方面,3
闊別,3
車種,3
青車款,3
鋁圈,3
星宇,3
統一,3
雙縫線,3
四驅,3
加強,3
換算,3
規值,3
攝影,3
駕駛人,3
強度,3
雙腎,3
家族,3
順應,3
圓頭,3
腎型,3
簡約,3
車式,3
高效,3
條鋁,3
含換,3
旅程,3
朱羅紀,3
公園,3
化元素,3
廂機,3
能爭,3
需選,3
輝映,3
自傳,3
結合動感,3
因應車,3
出如,3
橫向,3
開篷,3
軟篷,3
燈泡,3
長軸,3
摩擦,3
化車,3
子板,3
明亮,3
降低,3
進出,3
巧妙,3
方矩,3
動人,3
晝行,3
燈飾,3
性尾燈,3
供油,3
碟片,3
紅色,3
環艙,3
香氛,3
鑽石,3
境界,3
合口味,3
擴充,3
考量,3
方向,3
性賽,3
雙色,3
變幻,3
躺平,2
邁進,2
希臘,2
神話,2
太陽,2
神馬車,2
了該,2
三廂四門,2
奠下,2
恆溫,2
明確,2
匯集,2
雙重,2
演進,2
距離動力,2
統進,2
不斷,2
較小,2
熱烈,2
著手,2
車迷,2
現階段,2
速系,2
風雲,2
榮膺,2
頭銜,2
平實,2
價格,2
開闊,2
廚房,2
閒用,2
夢想,2
遙遠,2
符合,2
神韻,2
強勁,2
玩家,2
官方,2
座位,2
需求,2
元素,2
局所,2
縱橫,2
沿襲,2
身長,2
寬高,2
品味,2
奪得,2
蓋雙,2
創意,2
廂線,2
運動性,2
平台,2
氙氣,2
開放,2
叩關,2
戰略車,2
寫下,2
了車,2
寬廣,2
混合,2
底板,2
燃油,2
發燒,2
變革,2
規保險桿,2
精悍,2
兼具,2
取材自,2
堅持,2
蓄勢,2
待發,2
轉盤,2
鋼帶,2
勁紅,2
前置式,2
轉換,2
市區,2
藍牙,2
造出,2
方型,2
加入,2
優點,2
魅力十足,2
行系,2
電腦,2
平板,2
加速性,2
熱情,2
顧客,2
能源,2
順暢,2
新款,2
四格,2
分季,2
計整,2
戰略,2
樣貌,2
艙質,2
數據,2
縮短,2
消費,2
馳騁,2
燃燒,2
風阻,2
英國,2
行家,2
連霸,2
嚴苛,2
沈穩尊,2
頂級款,2
分級,2
沈穩,2
陣容,2
延燒,2
防眩,2
粗曠,2
呵護,2
再臨,2
車距,2
減震,2
開滑,2
豪華型,2
獎項,2
夾著,2
效應,2
矚目,2
五角形,2
洛杉磯,2
隔板,2
人馬,2
姿態,2
人機,2
統則,2
直柵式,2
具立,2
乘者,2
新式,2
超大,2
力道,2
化器,2
紋飾板,2
外觀線,2
強打,2
運動旗,2
艦款,2
尚款,2
存取,2
匹配,2
超強,2
設備,2
門車,2
震動,2
路面,2
反置,2
幫助,2
接送,2
持身,2
語音,2
上發,2
厲研,2
雙導,2
霧燈,2
超高,2
顧到,2
歷經,2
出更,2
常販,2
獨有,2
極短,2
外張,2
問題,2
較重,2
解決,2
軟頂,2
驚人,2
數字,2
繁體,2
跡性,2
屏除,2
橘色,2
代名,2
縫線,2
人體,2
範圍,2
傾斜,2
便利,2
銀色飾,2
於大,2
檔撥片,2
下護,2
競技化,2
體線,2
條極,2
側身,2
具躍,2
優美,2
首度,2
並開,2
北極,2
承中,2
興起,2
影響,2
關篷,2
車架,2
關聯性,2
刻意,2
環境,2
組成,2
精選,2
組合,2
高科技,2
設有,2
側風,2
賓士,2
峰值,2
精心,2
移除,2
光束,2
發光,2
單體,2
獵人,2
上揚,2
電量,2
玩心,2
意涵,2
原點,2
最高,2
具話,2
題性,2
頂尖,2
單圈,2
背書,2
定性,2
燈眉,2
胎壁,2
過彎,2
感知器,2
感視,2
蓋線,2
體感,2
個車,2
版車,2
購車,2
車窗,2
尤加利,2
內燃機,2
程式,2
羊毛,2
距所,1
尾廂,1
條件,1
產品線,1
著位,1
稱號,1
於休,1
可供,1
雙區,1
感應式,1
具跑,1
血車,1
獨到,1
使用者,1
傲視,1
稱得,1
名稱,1
遊牧,1
建構,1
雄偉,1
適宜,1
有力,1
穩固,1
強韌,1
游刃,1
顯得,1
帳面,1
展發,1
準版,1
縮小,1
親和力,1
高輸,1
環繞,1
歡樂,1
位在,1
感加,1
具隱,1
密性,1
難求,1
瘋狂,1
佳績,1
融合,1
橫貫,1
力賽,1
認可,1
擔任,1
險峻,1
極限,1
容下,1
集團,1
停好,1
低調,1
跳脫,1
主導,1
距車,1
鈑痕,1
特仕,1
玩旅,1
腿部,1
動力車,1
締造,1
雷達,1
了動,1
氣派,1
節能車,1
代號,1
保署,1
機會,1
組及,1
本款,1
進與,1
有領,1
級車,1
側線,1
分有,1
審核,1
色熾焰橘,1
裝除,1
熱血,1
焰橘,1
行版,1
樣車,1
流片,1
認證,1
日本,1
樹立,1
標竿,1
全等級,1
影像,1
環景,1
附衛,1
星導,1
車廂,1
三代同堂,1
都能安,1
主被,1
渦輪動力,1
開關,1
轉戰,1
亞洲,1
簡便,1
就手,1
音感,1
式樣,1
部車,1
操控性,1
拖泥,1
節約,1
道路,1
花費數,1
經費,1
顆衛星,1
廣角頭,1
精明,1
轎旅,1
法國,1
產為,1
趨勢,1
概念,1
機車,1
秘藍,1
精品,1
劇院,1
前瞻,1
雕塑,1
導光,1
碰撞,1
皮質,1
乘車,1
了手,1
排車,1
供入,1
短車,1
頂版,1
亟欲,1
凌人,1
新穎,1
打動,1
局節,1
標章,1
采色,1
取消,1
客貨,1
了連,1
霸紀,1
有榮,1
證明,1
中帶,1
閃耀,1
狀況,1
賽事證明,1
背線,1
盲區,1
隔音,1
識別,1
數位,1
盲點,1
精裝,1
熱潮,1
競爭,1
力加,1
拉長,1
認出,1
動版,1
輸入,1
辛烷值,1
採節,1
含括,1
熄火,1
測試,1
歐規,1
榮型,1
操作控制,1
將車頭,1
霧面,1
亮面,1
大造車,1
強烈,1
噴射,1
獵豹,1
貫穿,1
講究,1
巔峰,1
遲滯,1
線性,1
聲頻,1
精密,1
車格,1
棕黑,1
榮獲,1
紅點,1
獲好,1
尊容,1
直覺,1
前驅,1
天窗,1
鍛造,1
配重,1
啟休,1
相當長,1
區分,1
延長,1
不小,1
屬長,1
變更,1
倒車,1
衝擊,1
輝煌,1
關注,1
猶如,1
商車,1
選用,1
商務車,1
底盤車,1
貨車款,1
實際,1
多變,1
貨卡,1
小眾,1
貿易,1
口號,1
旅風,1
區塊,1
不思議,1
想見,1
採進,1
分為,1
壓電式,1
華九人,1
給予,1
銜接,1
硬漢,1
皮卡,1
地力,1
旅行家,1
福特,1
運轉,1
濕滑,1
拖曳,1
能力,1
沙地,1
雙渦,1
更顯,1
排房,1
作本,1
代車,1
意散,1
狂熱,1
裙角,1
年度,1
氣質,1
佔有,1
著旗,1
計上,1
歷來,1
具有,1
龐大,1
領導者,1
型線,1
環導,1
眉燈,1
寬大,1
關動,1
襯托,1
天然色,1
極低,1
排放量,1
置物架,1
輻式,1
匹德,1
制馬力,1
開創,1
繼承,1
工學,1
引領,1
寫觸,1
旅級距,1
藍色,1
綜效,1
雷射,1
敏捷,1
圖示,1
色卡,1
互聯,1
汽缸,1
換上,1
格和,1
演變,1
成現,1
構成,1
好者,1
賽事,1
車展上,1
談到,1
賽場,1
市售車,1
改裝,1
思維,1
條排,1
風口,1
字樣,1
說明,1
置式,1
乾式,1
不改其,1
考驗,1
型式,1
防風,1
作動,1
氣流,1
段式,1
費盡,1
事故,1
構想,1
貴族,1
純正,1
美的,1
傳遞,1
溫度,1
綠能,1
風範,1
躍進,1
體態,1
廂容積,1
下置,1
物容積,1
全數,1
活塞,1
處理,1
廂蓋,1
達成,1
挑戰,1
構築,1
統在,1
怠速,1
控台,1
三輻式,1
單柵,1
儀表板,1
點出,1
小跑,1
份車廠,1
認為,1
背道,1
講求,1
九速,1
發電,1
屬入,1
市場性,1
簡明,1
充電,1
電行駛,1
航力,1
等級,1
經由,1
進到,1
中空,1
本體,1
身價,1
參戰,1
紀念,1
號召,1
夢幻,1
系統,565
設計,545
引擎,514
搭載,365
配備,318
自排,307
擁有,289
空間,280
動力,263
車型,254
採用,238
搭配,230
車款,190
表現,190
外觀,187
車身,183
駕駛,177
輸出,169
扭力,152
馬力,147
展現,145
舒適,144
房車,133
標準,131
車系,129
導入,127
內裝,122
運動,121
渦輪,114
行車,114
力系,111
輔助,109
安全,108
車輛,104
油耗,102
改款,100
豪華,98
市場,98
風格,97
引進,95
座椅,93
增壓,90
動感,87
節能,86
透過,84
車室,84
駕駛者,81
性能,80
選擇,79
車頭,79
消費者,76
頭燈,75
操控,74
最大,73
車體,72
車主,72
造型,71
頂級,68
底盤,68
資訊,68
動態,67
駕馭,66
護罩,66
設定,62
柴油,61
提供,60
加速,59
變速,58
模式,58
汽油,57
調整,56
整體,54
全車系,54
匹馬,54
顯示,54
介面,54
樂趣,53
防護,53
電動,52
產品,51
公升,51
達到,50
速手,48
電子,48
全車,47
成為,47
質感,44
藉由,44
優異,43
技術,43
結合,43
轉向,43
旅車,42
國產,42
鍍鉻,41
登場,40
滿足,40
氣囊,39
進化,39
時尚,39
部份,38
優雅,38
專屬,38
懸吊,38
年式,38
軸距,38
保桿,38
旗艦,37
四門,37
流線,37
煞車,37
現行,37
具備,37
創造,37
智慧型,37
雙離合器,36
水準,36
尾燈,36
進氣,36
雙門,35
套件,35
進口,35
獨立,34
強化,34
延續,34
線條,34
變速箱,33
車壇,32
銷售,32
本車,32
進行,32
螢幕,32
帶來,32
優勢,31
創新,30
轉速,30
車頂,29
承襲,29
俐落,29
運動化,29
力表,29
材質,28
運用,28
乘坐,27
經典,27
科技,27
乘客,27
控制,27
偵測,27
行李,26
可變,26
音響,26
視覺,26
車側,25
警示,25
驅動,25
影音,25
機能,24
傳承,24
販售,24
寬敞,24
有著,24
品質,24
尺碼,24
能夠,24
穩定,24
風潮,24
歡迎,24
氣息,24
原廠,23
功能,23
變化,22
乘員,22
越野,22
椅背,22
升級,22
豐富,21
發表,21
切換,21
升車,20
呈現,20
整合,20
路況,20
小車,19
空調,19
硬頂,19
創下,19
排變,19
反應,19
個性,19
營造,19
水箱,19
行駛,19
車化,19
跑車,18
升直,18
傳統,18
新車,17
團隊,17
規格,17
霸氣,17
充滿,17
兼顧,17
訴求,16
實用,16
靈活,16
傳動,16
真皮,16
經濟,16
特點,16
量化,16
排氣,16
駕乘,16
旅行,15
構造,15
成績,15
款車,15
銳利,15
娛樂,15
車艙,15
年輕,15
開啟,15
靜止,14
級距,14
體驗,14
獲得,14
收納,14
車尾,14
台灣,14
腰線,14
超長,14
加寬,14
換檔,14
提升,14
發出,14
陣營,14
導航,14
發揮,14
氣門,14
進氣口,14
高光澤,14
黑色,14
架構,13
包含,13
歐洲,13
氣勢,13
基礎,13
獨特,13
置物,13
先進,13
音源,13
空力,13
減少,13
智慧,13
買家,13
跨界,13
急煞,13
動能,13
發展,12
結構,12
強悍,12
時間,12
版本,12
裝置,12
尾門,12
特徵,12
新增,12
感受,12
完美,12
加持,12
停車,12
通訊,12
尾管,12
背車,11
向來,11
代理,11
不錯,11
領域,11
媒體,11
喜愛,11
出遊,11
觸控,11
修飾,11
流暢,11
解析度,11
空氣,11
廂式,11
排氣量,11
開發,11
合金,11
可達,11
裕隆,11
濃郁,11
超跑,11
寬闊,11
中華,11
誕生,11
操作,11
座艙,11
自動,10
稱道,10
特質,10
貼心,10
狀態,10
氣壩,10
增添,10
高達,10
氣量,10
音樂,10
氛圍,10
前保桿,10
實用性,10
時速,10
研發,9
避震器,9
進入,9
明顯,9
啟動,9
頭家,9
觀上,9
強調,9
修長,9
角度,9
超過,9
增長,9
細微,9
維持,9
汽車,9
省油,9
掀背,9
更具,9
移動,9
名號,9
發生,9
包覆,9
強大,9
高度,9
轎跑車,9
賦予,8
車名,8
話題,8
好評,8
容納,8
進軍,8
七速,8
調性,8
腳步,8
油門,8
機械,8
輪廓,8
系車,8
日系,8
尊貴,8
照明,8
調校,8
尾翼,8
全彩,8
三菱,8
細部,8
紡錘,8
避震,8
速箱,8
鋁質,8
列為,8
中文,8
突顯,8
國人,7
一甲子,7
豪華車,7
標配,7
實力,7
正統,7
車色,7
車高,7
打平,7
休閒,7
車展,7
彈性,7
族群,7
變換,7
防滑,7
車道,7
手機,7
嬌小,7
商用,7
搶攻,7
電池,7
輪圈,7
尊爵,7
躍動,7
輪胎,7
領先,7
人座,7
機能性,7
噪音,7
風貌,7
美國,7
新造型,7
豐沛,7
電力,7
超越,7
三缸,7
力學,7
銀色,7
面板,7
操駕,7
鎖定,7
過程,7
出力,6
特色,6
決定,6
問世,6
德國,6
確保,6
歷代,6
雙肋,6
車頂線,6
車線,6
編成,6
剛硬,6
晶鑽,6
傑出,6
詮釋,6
行動,6
橫柵式,6
顛覆,6
廢氣,6
陡坡,6
物品,6
奢華,6
身形,6
配置,6
用車,6
效率,6
原裝,6
尊榮,6
智能,6
理念,6
了傳,6
優渥,6
邁入,6
獨樹,6
衛星,6
房車款,6
打響,6
飽滿,6
低噪音,6
規劃,6
配合,6
連續,6
網狀,6
推出,6
王者,6
冠軍,6
感應,6
著進,6
斜背,6
視野,6
細膩,6
採取,6
呼應,6
偏離,6
光燈,6
極高,6
亮麗,6
電話,6
錯認,6
旋鈕,6
廂空間,6
身軀,6
選配,6
當家,5
重視,5
加長,5
變得,5
來源,5
圓潤,5
討喜,5
感覺,5
類似,5
肩線,5
差異,5
定義,5
單元,5
特性,5
弧型,5
車長,5
排放,5
車況,5
延伸,5
鮮明,5
折線,5
家族化,5
稅制,5
杯架,5
科技化,5
循環,5
前衛,5
改採,5
皮椅,5
便利性,5
耐操,5
省稅金,5
實惠,5
行路,5
回饋,5
評價,5
北美,5
統購,5
車思維,5
實現,5
活躍,5
青鳥,5
迷應,5
國產車,5
高頂,5
極佳,5
乘用,5
帶有,5
打造,5
享受,5
靈敏,5
賽車,5
雙側,5
遙控,5
思惟,5
少見,5
穩重,5
紀錄,5
活潑,5
傾倒,5
系標,5
阻尼,5
深具,5
哲學,5
美學,5
立體,5
速比,5
驚艷,5
菁英,5
馬達,5
辨識,5
應用,5
彎道,5
忠實,5
跑格,5
層峰,5
分隔,5
盛起之,5
展開,5
頂篷,5
項目,5
行燈,5
導流,5
氣孔,5
銘牌,5
風情,5
圓弧,5
氣度,5
燈光,5
鍍鉻飾,5
橫柵,5
傳輸,5
啟閉,5
歐系,4
入門,4
意義,4
時期,4
乘座,4
引發,4
討論,4
滑門,4
打開,4
車重,4
減輕,4
檔狀態,4
踩下,4
疲勞,4
載貨,4
樂活,4
拆除,4
八速,4
轎式,4
玻璃,4
四缸,4
福斯,4
負重,4
目標,4
剎車,4
商旅,4
燈組,4
區域,4
人氣,4
深獲,4
油電,4
時代,4
國產化,4
地形,4
另配,4
風行,4
餘國,4
享譽,4
商務,4
改變,4
音響主機,4
檔位,4
放大,4
本質,4
側裙,4
隔音板,4
圍繞,4
血統,4
成員,4
曲線,4
堪稱,4
資料,4
圖資,4
定位,4
車級,4
行李箱,4
繼續,4
生產,4
防撞,4
步行者,4
參與,4
規車,4
核桃木,4
膝部,4
優先,4
擾流,4
確立,4
細分,4
迷人,4
背款,4
管理系,4
車門,4
粗獷,4
生力,4
起為,4
領軍,4
負起,4
打擊,4
重責,4
追加,4
分流器,4
賽道,4
造就,4
精進,4
高質,4
油電車,4
價值,4
輔以,4
共軌,4
身為,4
德系,4
出眾,4
成熟,4
青睞,4
亞太區,4
無車,4
精華,4
車位,4
飾板,4
張力,4
過去,4
挹注,4
都會,4
頭部,4
顯出,4
優雅線,4
開起,4
弧線,4
狀飾板,4
顏色,4
門檻,4
電影,4
開拓,4
客層,4
現身,4
服務,4
鈑件,4
採光,4
陽光,4
熱能,4
放倒,4
旅行箱,4
連桿,4
差速器,4
發現,4
汽柴油,4
分離,3
依序,3
歷史,3
簡潔,3
情況,3
寬裕,3
終於,3
上的,3
排與,3
可調,3
厚實,3
企圖,3
滿載,3
氣簾,3
變動,3
簡化,3
五速手,3
日內瓦,3
電動車,3
帳篷,3
露營,3
內瓦車,3
踏板,3
休息,3
咖啡杯,3
定速巡航,3
原木,3
面貌,3
業界,3
功能性,3
大獎,3
受重,3
一體,3
軸車,3
容積,3
適合,3
競爭力,3
售價,3
威脅,3
市佔率,3
可讀,3
電動馬,3
油價,3
體化,3
感先,3
換裝,3
薄型,3
改為,3
打滑,3
下坡,3
增加,3
纖維,3
倒梯形,3
極光,3
觸控式,3
靈巧,3
防線,3
風險,3
更添,3
壓力,3
分配,3
重擔,3
挑高,3
滑軌,3
方車門,3
沉穩,3
攣生,3
血緣,3
碩大,3
寧靜,3
觀設,3
車市,3
暢銷,3
音效,3
可愛,3
最小,3
敏捷性,3
極致,3
背式,3
晝行燈,3
精典,3
平衡,3
絕妙,3
車規,3
無壓,3
原生,3
馭光,3
侵掠,3
轎車,3
幸福,3
優質,3
重點,3
達卡賽,3
戰績,3
記錄,3
胎壓,3
牛仔布,3
原本,3
內裝質,3
最愛,3
巡弋,3
依循,3
殊榮,3
焦點,3
執行,3
鑰匙,3
面積,3
風味,3
六速,3
插孔,3
共計,3
烤漆,3
魂動,3
剛性,3
降噪,3
紐約,3
要角,3
帶領,3
經營,3
搶眼,3
廣受,3
先鋒,3
部隊,3
前輪,3
褶痕,3
剽悍,3
導向,3
內瓦,3
擴展,3
歐陸,3
光源,3
高爾夫,3
球袋,3
更佳,3
工藝,3
渦流,3
高性能,3
方面,3
闊別,3
車種,3
青車款,3
鋁圈,3
星宇,3
統一,3
雙縫線,3
四驅,3
加強,3
換算,3
規值,3
攝影,3
駕駛人,3
強度,3
雙腎,3
家族,3
順應,3
圓頭,3
腎型,3
簡約,3
車式,3
高效,3
條鋁,3
含換,3
旅程,3
朱羅紀,3
公園,3
化元素,3
廂機,3
能爭,3
需選,3
輝映,3
自傳,3
結合動感,3
因應車,3
出如,3
橫向,3
開篷,3
軟篷,3
燈泡,3
長軸,3
摩擦,3
化車,3
子板,3
明亮,3
降低,3
進出,3
巧妙,3
方矩,3
動人,3
晝行,3
燈飾,3
性尾燈,3
供油,3
碟片,3
紅色,3
環艙,3
香氛,3
鑽石,3
境界,3
合口味,3
擴充,3
考量,3
方向,3
性賽,3
雙色,3
變幻,3
躺平,2
邁進,2
希臘,2
神話,2
太陽,2
神馬車,2
了該,2
三廂四門,2
奠下,2
恆溫,2
明確,2
匯集,2
雙重,2
演進,2
距離動力,2
統進,2
不斷,2
較小,2
熱烈,2
著手,2
車迷,2
現階段,2
速系,2
風雲,2
榮膺,2
頭銜,2
平實,2
價格,2
開闊,2
廚房,2
閒用,2
夢想,2
遙遠,2
符合,2
神韻,2
強勁,2
玩家,2
官方,2
座位,2
需求,2
元素,2
局所,2
縱橫,2
沿襲,2
身長,2
寬高,2
品味,2
奪得,2
蓋雙,2
創意,2
廂線,2
運動性,2
平台,2
氙氣,2
開放,2
叩關,2
戰略車,2
寫下,2
了車,2
寬廣,2
混合,2
底板,2
燃油,2
發燒,2
變革,2
規保險桿,2
精悍,2
兼具,2
取材自,2
堅持,2
蓄勢,2
待發,2
轉盤,2
鋼帶,2
勁紅,2
前置式,2
轉換,2
市區,2
藍牙,2
造出,2
方型,2
加入,2
優點,2
魅力十足,2
行系,2
電腦,2
平板,2
加速性,2
熱情,2
顧客,2
能源,2
順暢,2
新款,2
四格,2
分季,2
計整,2
戰略,2
樣貌,2
艙質,2
數據,2
縮短,2
消費,2
馳騁,2
燃燒,2
風阻,2
英國,2
行家,2
連霸,2
嚴苛,2
沈穩尊,2
頂級款,2
分級,2
沈穩,2
陣容,2
延燒,2
防眩,2
粗曠,2
呵護,2
再臨,2
車距,2
減震,2
開滑,2
豪華型,2
獎項,2
夾著,2
效應,2
矚目,2
五角形,2
洛杉磯,2
隔板,2
人馬,2
姿態,2
人機,2
統則,2
直柵式,2
具立,2
乘者,2
新式,2
超大,2
力道,2
化器,2
紋飾板,2
外觀線,2
強打,2
運動旗,2
艦款,2
尚款,2
存取,2
匹配,2
超強,2
設備,2
門車,2
震動,2
路面,2
反置,2
幫助,2
接送,2
持身,2
語音,2
上發,2
厲研,2
雙導,2
霧燈,2
超高,2
顧到,2
歷經,2
出更,2
常販,2
獨有,2
極短,2
外張,2
問題,2
較重,2
解決,2
軟頂,2
驚人,2
數字,2
繁體,2
跡性,2
屏除,2
橘色,2
代名,2
縫線,2
人體,2
範圍,2
傾斜,2
便利,2
銀色飾,2
於大,2
檔撥片,2
下護,2
競技化,2
體線,2
條極,2
側身,2
具躍,2
優美,2
首度,2
並開,2
北極,2
承中,2
興起,2
影響,2
關篷,2
車架,2
關聯性,2
刻意,2
環境,2
組成,2
精選,2
組合,2
高科技,2
設有,2
側風,2
賓士,2
峰值,2
精心,2
移除,2
光束,2
發光,2
單體,2
獵人,2
上揚,2
電量,2
玩心,2
意涵,2
原點,2
最高,2
具話,2
題性,2
頂尖,2
單圈,2
背書,2
定性,2
燈眉,2
胎壁,2
過彎,2
感知器,2
感視,2
蓋線,2
體感,2
個車,2
版車,2
購車,2
車窗,2
尤加利,2
內燃機,2
程式,2
羊毛,2
距所,1
尾廂,1
條件,1
產品線,1
著位,1
稱號,1
於休,1
可供,1
雙區,1
感應式,1
具跑,1
血車,1
獨到,1
使用者,1
傲視,1
稱得,1
名稱,1
遊牧,1
建構,1
雄偉,1
適宜,1
有力,1
穩固,1
強韌,1
游刃,1
顯得,1
帳面,1
展發,1
準版,1
縮小,1
親和力,1
高輸,1
環繞,1
歡樂,1
位在,1
感加,1
具隱,1
密性,1
難求,1
瘋狂,1
佳績,1
融合,1
橫貫,1
力賽,1
認可,1
擔任,1
險峻,1
極限,1
容下,1
集團,1
停好,1
低調,1
跳脫,1
主導,1
距車,1
鈑痕,1
特仕,1
玩旅,1
腿部,1
動力車,1
締造,1
雷達,1
了動,1
氣派,1
節能車,1
代號,1
保署,1
機會,1
組及,1
本款,1
進與,1
有領,1
級車,1
側線,1
分有,1
審核,1
色熾焰橘,1
裝除,1
熱血,1
焰橘,1
行版,1
樣車,1
流片,1
認證,1
日本,1
樹立,1
標竿,1
全等級,1
影像,1
環景,1
附衛,1
星導,1
車廂,1
三代同堂,1
都能安,1
主被,1
渦輪動力,1
開關,1
轉戰,1
亞洲,1
簡便,1
就手,1
音感,1
式樣,1
部車,1
操控性,1
拖泥,1
節約,1
道路,1
花費數,1
經費,1
顆衛星,1
廣角頭,1
精明,1
轎旅,1
法國,1
產為,1
趨勢,1
概念,1
機車,1
秘藍,1
精品,1
劇院,1
前瞻,1
雕塑,1
導光,1
碰撞,1
皮質,1
乘車,1
了手,1
排車,1
供入,1
短車,1
頂版,1
亟欲,1
凌人,1
新穎,1
打動,1
局節,1
標章,1
采色,1
取消,1
客貨,1
了連,1
霸紀,1
有榮,1
證明,1
中帶,1
閃耀,1
狀況,1
賽事證明,1
背線,1
盲區,1
隔音,1
識別,1
數位,1
盲點,1
精裝,1
熱潮,1
競爭,1
力加,1
拉長,1
認出,1
動版,1
輸入,1
辛烷值,1
採節,1
含括,1
熄火,1
測試,1
歐規,1
榮型,1
操作控制,1
將車頭,1
霧面,1
亮面,1
大造車,1
強烈,1
噴射,1
獵豹,1
貫穿,1
講究,1
巔峰,1
遲滯,1
線性,1
聲頻,1
精密,1
車格,1
棕黑,1
榮獲,1
紅點,1
獲好,1
尊容,1
直覺,1
前驅,1
天窗,1
鍛造,1
配重,1
啟休,1
相當長,1
區分,1
延長,1
不小,1
屬長,1
變更,1
倒車,1
衝擊,1
輝煌,1
關注,1
猶如,1
商車,1
選用,1
商務車,1
底盤車,1
貨車款,1
實際,1
多變,1
貨卡,1
小眾,1
貿易,1
口號,1
旅風,1
區塊,1
不思議,1
想見,1
採進,1
分為,1
壓電式,1
華九人,1
給予,1
銜接,1
硬漢,1
皮卡,1
地力,1
旅行家,1
福特,1
運轉,1
濕滑,1
拖曳,1
能力,1
沙地,1
雙渦,1
更顯,1
排房,1
作本,1
代車,1
意散,1
狂熱,1
裙角,1
年度,1
氣質,1
佔有,1
著旗,1
計上,1
歷來,1
具有,1
龐大,1
領導者,1
型線,1
環導,1
眉燈,1
寬大,1
關動,1
襯托,1
天然色,1
極低,1
排放量,1
置物架,1
輻式,1
匹德,1
制馬力,1
開創,1
繼承,1
工學,1
引領,1
寫觸,1
旅級距,1
藍色,1
綜效,1
雷射,1
敏捷,1
圖示,1
色卡,1
互聯,1
汽缸,1
換上,1
格和,1
演變,1
成現,1
構成,1
好者,1
賽事,1
車展上,1
談到,1
賽場,1
市售車,1
改裝,1
思維,1
條排,1
風口,1
字樣,1
說明,1
置式,1
乾式,1
不改其,1
考驗,1
型式,1
防風,1
作動,1
氣流,1
段式,1
費盡,1
事故,1
構想,1
貴族,1
純正,1
美的,1
傳遞,1
溫度,1
綠能,1
風範,1
躍進,1
體態,1
廂容積,1
下置,1
物容積,1
全數,1
活塞,1
處理,1
廂蓋,1
達成,1
挑戰,1
構築,1
統在,1
怠速,1
控台,1
三輻式,1
單柵,1
儀表板,1
點出,1
小跑,1
份車廠,1
認為,1
背道,1
講求,1
九速,1
發電,1
屬入,1
市場性,1
簡明,1
充電,1
電行駛,1
航力,1
等級,1
經由,1
進到,1
中空,1
本體,1
身價,1
參戰,1
紀念,1
號召,1
夢幻,1
系統,565
設計,545
引擎,514
搭載,365
配備,318
自排,307
擁有,289
空間,280
動力,263
車型,254
採用,238
搭配,230
車款,190
表現,190
外觀,187
車身,183
駕駛,177
輸出,169
扭力,152
馬力,147
展現,145
舒適,144
房車,133
標準,131
車系,129
導入,127
內裝,122
運動,121
渦輪,114
行車,114
力系,111
輔助,109
安全,108
車輛,104
油耗,102
改款,100
豪華,98
市場,98
風格,97
引進,95
座椅,93
增壓,90
動感,87
節能,86
透過,84
車室,84
駕駛者,81
性能,80
選擇,79
車頭,79
消費者,76
頭燈,75
操控,74
最大,73
車體,72
車主,72
造型,71
頂級,68
底盤,68
資訊,68
動態,67
駕馭,66
護罩,66
設定,62
柴油,61
提供,60
加速,59
變速,58
模式,58
汽油,57
調整,56
整體,54
全車系,54
匹馬,54
顯示,54
介面,54
樂趣,53
防護,53
電動,52
產品,51
公升,51
達到,50
速手,48
電子,48
全車,47
成為,47
質感,44
藉由,44
優異,43
技術,43
結合,43
轉向,43
旅車,42
國產,42
鍍鉻,41
登場,40
滿足,40
氣囊,39
進化,39
時尚,39
部份,38
優雅,38
專屬,38
懸吊,38
年式,38
軸距,38
保桿,38
旗艦,37
四門,37
流線,37
煞車,37
現行,37
具備,37
創造,37
智慧型,37
雙離合器,36
水準,36
尾燈,36
進氣,36
雙門,35
套件,35
進口,35
獨立,34
強化,34
延續,34
線條,34
變速箱,33
車壇,32
銷售,32
本車,32
進行,32
螢幕,32
帶來,32
優勢,31
創新,30
轉速,30
車頂,29
承襲,29
俐落,29
運動化,29
力表,29
材質,28
運用,28
乘坐,27
經典,27
科技,27
乘客,27
控制,27
偵測,27
行李,26
可變,26
音響,26
視覺,26
車側,25
警示,25
驅動,25
影音,25
機能,24
傳承,24
販售,24
寬敞,24
有著,24
品質,24
尺碼,24
能夠,24
穩定,24
風潮,24
歡迎,24
氣息,24
原廠,23
功能,23
變化,22
乘員,22
越野,22
椅背,22
升級,22
豐富,21
發表,21
切換,21
升車,20
呈現,20
整合,20
路況,20
小車,19
空調,19
硬頂,19
創下,19
排變,19
反應,19
個性,19
營造,19
水箱,19
行駛,19
車化,19
跑車,18
升直,18
傳統,18
新車,17
團隊,17
規格,17
霸氣,17
充滿,17
兼顧,17
訴求,16
實用,16
靈活,16
傳動,16
真皮,16
經濟,16
特點,16
量化,16
排氣,16
駕乘,16
旅行,15
構造,15
成績,15
款車,15
銳利,15
娛樂,15
車艙,15
年輕,15
開啟,15
靜止,14
級距,14
體驗,14
獲得,14
收納,14
車尾,14
台灣,14
腰線,14
超長,14
加寬,14
換檔,14
提升,14
發出,14
陣營,14
導航,14
發揮,14
氣門,14
進氣口,14
高光澤,14
黑色,14
架構,13
包含,13
歐洲,13
氣勢,13
基礎,13
獨特,13
置物,13
先進,13
音源,13
空力,13
減少,13
智慧,13
買家,13
跨界,13
急煞,13
動能,13
發展,12
結構,12
強悍,12
時間,12
版本,12
裝置,12
尾門,12
特徵,12
新增,12
感受,12
完美,12
加持,12
停車,12
通訊,12
尾管,12
背車,11
向來,11
代理,11
不錯,11
領域,11
媒體,11
喜愛,11
出遊,11
觸控,11
修飾,11
流暢,11
解析度,11
空氣,11
廂式,11
排氣量,11
開發,11
合金,11
可達,11
裕隆,11
濃郁,11
超跑,11
寬闊,11
中華,11
誕生,11
操作,11
座艙,11
自動,10
稱道,10
特質,10
貼心,10
狀態,10
氣壩,10
增添,10
高達,10
氣量,10
音樂,10
氛圍,10
前保桿,10
實用性,10
時速,10
研發,9
避震器,9
進入,9
明顯,9
啟動,9
頭家,9
觀上,9
強調,9
修長,9
角度,9
超過,9
增長,9
細微,9
維持,9
汽車,9
省油,9
掀背,9
更具,9
移動,9
名號,9
發生,9
包覆,9
強大,9
高度,9
轎跑車,9
賦予,8
車名,8
話題,8
好評,8
容納,8
進軍,8
七速,8
調性,8
腳步,8
油門,8
機械,8
輪廓,8
系車,8
日系,8
尊貴,8
照明,8
調校,8
尾翼,8
全彩,8
三菱,8
細部,8
紡錘,8
避震,8
速箱,8
鋁質,8
列為,8
中文,8
突顯,8
國人,7
一甲子,7
豪華車,7
標配,7
實力,7
正統,7
車色,7
車高,7
打平,7
休閒,7
車展,7
彈性,7
族群,7
變換,7
防滑,7
車道,7
手機,7
嬌小,7
商用,7
搶攻,7
電池,7
輪圈,7
尊爵,7
躍動,7
輪胎,7
領先,7
人座,7
機能性,7
噪音,7
風貌,7
美國,7
新造型,7
豐沛,7
電力,7
超越,7
三缸,7
力學,7
銀色,7
面板,7
操駕,7
鎖定,7
過程,7
出力,6
特色,6
決定,6
問世,6
德國,6
確保,6
歷代,6
雙肋,6
車頂線,6
車線,6
編成,6
剛硬,6
晶鑽,6
傑出,6
詮釋,6
行動,6
橫柵式,6
顛覆,6
廢氣,6
陡坡,6
物品,6
奢華,6
身形,6
配置,6
用車,6
效率,6
原裝,6
尊榮,6
智能,6
理念,6
了傳,6
優渥,6
邁入,6
獨樹,6
衛星,6
房車款,6
打響,6
飽滿,6
低噪音,6
規劃,6
配合,6
連續,6
網狀,6
推出,6
王者,6
冠軍,6
感應,6
著進,6
斜背,6
視野,6
細膩,6
採取,6
呼應,6
偏離,6
光燈,6
極高,6
亮麗,6
電話,6
錯認,6
旋鈕,6
廂空間,6
身軀,6
選配,6
當家,5
重視,5
加長,5
變得,5
來源,5
圓潤,5
討喜,5
感覺,5
類似,5
肩線,5
差異,5
定義,5
單元,5
特性,5
弧型,5
車長,5
排放,5
車況,5
延伸,5
鮮明,5
折線,5
家族化,5
稅制,5
杯架,5
科技化,5
循環,5
前衛,5
改採,5
皮椅,5
便利性,5
耐操,5
省稅金,5
實惠,5
行路,5
回饋,5
評價,5
北美,5
統購,5
車思維,5
實現,5
活躍,5
青鳥,5
迷應,5
國產車,5
高頂,5
極佳,5
乘用,5
帶有,5
打造,5
享受,5
靈敏,5
賽車,5
雙側,5
遙控,5
思惟,5
少見,5
穩重,5
紀錄,5
活潑,5
傾倒,5
系標,5
阻尼,5
深具,5
哲學,5
美學,5
立體,5
速比,5
驚艷,5
菁英,5
馬達,5
辨識,5
應用,5
彎道,5
忠實,5
跑格,5
層峰,5
分隔,5
盛起之,5
展開,5
頂篷,5
項目,5
行燈,5
導流,5
氣孔,5
銘牌,5
風情,5
圓弧,5
氣度,5
燈光,5
鍍鉻飾,5
橫柵,5
傳輸,5
啟閉,5
歐系,4
入門,4
意義,4
時期,4
乘座,4
引發,4
討論,4
滑門,4
打開,4
車重,4
減輕,4
檔狀態,4
踩下,4
疲勞,4
載貨,4
樂活,4
拆除,4
八速,4
轎式,4
玻璃,4
四缸,4
福斯,4
負重,4
目標,4
剎車,4
商旅,4
燈組,4
區域,4
人氣,4
深獲,4
油電,4
時代,4
國產化,4
地形,4
另配,4
風行,4
餘國,4
享譽,4
商務,4
改變,4
音響主機,4
檔位,4
放大,4
本質,4
側裙,4
隔音板,4
圍繞,4
血統,4
成員,4
曲線,4
堪稱,4
資料,4
圖資,4
定位,4
車級,4
行李箱,4
繼續,4
生產,4
防撞,4
步行者,4
參與,4
規車,4
核桃木,4
膝部,4
優先,4
擾流,4
確立,4
細分,4
迷人,4
背款,4
管理系,4
車門,4
粗獷,4
生力,4
起為,4
領軍,4
負起,4
打擊,4
重責,4
追加,4
分流器,4
賽道,4
造就,4
精進,4
高質,4
油電車,4
價值,4
輔以,4
共軌,4
身為,4
德系,4
出眾,4
成熟,4
青睞,4
亞太區,4
無車,4
精華,4
車位,4
飾板,4
張力,4
過去,4
挹注,4
都會,4
頭部,4
顯出,4
優雅線,4
開起,4
弧線,4
狀飾板,4
顏色,4
門檻,4
電影,4
開拓,4
客層,4
現身,4
服務,4
鈑件,4
採光,4
陽光,4
熱能,4
放倒,4
旅行箱,4
連桿,4
差速器,4
發現,4
汽柴油,4
分離,3
依序,3
歷史,3
簡潔,3
情況,3
寬裕,3
終於,3
上的,3
排與,3
可調,3
厚實,3
企圖,3
滿載,3
氣簾,3
變動,3
簡化,3
五速手,3
日內瓦,3
電動車,3
帳篷,3
露營,3
內瓦車,3
踏板,3
休息,3
咖啡杯,3
定速巡航,3
原木,3
面貌,3
業界,3
功能性,3
大獎,3
受重,3
一體,3
軸車,3
容積,3
適合,3
競爭力,3
售價,3
威脅,3
市佔率,3
可讀,3
電動馬,3
油價,3
體化,3
感先,3
換裝,3
薄型,3
改為,3
打滑,3
下坡,3
增加,3
纖維,3
倒梯形,3
極光,3
觸控式,3
靈巧,3
防線,3
風險,3
更添,3
壓力,3
分配,3
重擔,3
挑高,3
滑軌,3
方車門,3
沉穩,3
攣生,3
血緣,3
碩大,3
寧靜,3
觀設,3
車市,3
暢銷,3
音效,3
可愛,3
最小,3
敏捷性,3
極致,3
背式,3
晝行燈,3
精典,3
平衡,3
絕妙,3
車規,3
無壓,3
原生,3
馭光,3
侵掠,3
轎車,3
幸福,3
優質,3
重點,3
達卡賽,3
戰績,3
記錄,3
胎壓,3
牛仔布,3
原本,3
內裝質,3
最愛,3
巡弋,3
依循,3
殊榮,3
焦點,3
執行,3
鑰匙,3
面積,3
風味,3
六速,3
插孔,3
共計,3
烤漆,3
魂動,3
剛性,3
降噪,3
紐約,3
要角,3
帶領,3
經營,3
搶眼,3
廣受,3
先鋒,3
部隊,3
前輪,3
褶痕,3
剽悍,3
導向,3
內瓦,3
擴展,3
歐陸,3
光源,3
高爾夫,3
球袋,3
更佳,3
工藝,3
渦流,3
高性能,3
方面,3
闊別,3
車種,3
青車款,3
鋁圈,3
星宇,3
統一,3
雙縫線,3
四驅,3
加強,3
換算,3
規值,3
攝影,3
駕駛人,3
強度,3
雙腎,3
家族,3
順應,3
圓頭,3
腎型,3
簡約,3
車式,3
高效,3
條鋁,3
含換,3
旅程,3
朱羅紀,3
公園,3
化元素,3
廂機,3
能爭,3
需選,3
輝映,3
自傳,3
結合動感,3
因應車,3
出如,3
橫向,3
開篷,3
軟篷,3
燈泡,3
長軸,3
摩擦,3
化車,3
子板,3
明亮,3
降低,3
進出,3
巧妙,3
方矩,3
動人,3
晝行,3
燈飾,3
性尾燈,3
供油,3
碟片,3
紅色,3
環艙,3
香氛,3
鑽石,3
境界,3
合口味,3
擴充,3
考量,3
方向,3
性賽,3
雙色,3
變幻,3
躺平,2
邁進,2
希臘,2
神話,2
太陽,2
神馬車,2
了該,2
三廂四門,2
奠下,2
恆溫,2
明確,2
匯集,2
雙重,2
演進,2
距離動力,2
統進,2
不斷,2
較小,2
熱烈,2
著手,2
車迷,2
現階段,2
速系,2
風雲,2
榮膺,2
頭銜,2
平實,2
價格,2
開闊,2
廚房,2
閒用,2
夢想,2
遙遠,2
符合,2
神韻,2
強勁,2
玩家,2
官方,2
座位,2
需求,2
元素,2
局所,2
縱橫,2
沿襲,2
身長,2
寬高,2
品味,2
奪得,2
蓋雙,2
創意,2
廂線,2
運動性,2
平台,2
氙氣,2
開放,2
叩關,2
戰略車,2
寫下,2
了車,2
寬廣,2
混合,2
底板,2
燃油,2
發燒,2
變革,2
規保險桿,2
精悍,2
兼具,2
取材自,2
堅持,2
蓄勢,2
待發,2
轉盤,2
鋼帶,2
勁紅,2
前置式,2
轉換,2
市區,2
藍牙,2
造出,2
方型,2
加入,2
優點,2
魅力十足,2
行系,2
電腦,2
平板,2
加速性,2
熱情,2
顧客,2
能源,2
順暢,2
新款,2
四格,2
分季,2
計整,2
戰略,2
樣貌,2
艙質,2
數據,2
縮短,2
消費,2
馳騁,2
燃燒,2
風阻,2
英國,2
行家,2
連霸,2
嚴苛,2
沈穩尊,2
頂級款,2
分級,2
沈穩,2
陣容,2
延燒,2
防眩,2
粗曠,2
呵護,2
再臨,2
車距,2
減震,2
開滑,2
豪華型,2
獎項,2
夾著,2
效應,2
矚目,2
五角形,2
洛杉磯,2
隔板,2
人馬,2
姿態,2
人機,2
統則,2
直柵式,2
具立,2
乘者,2
新式,2
超大,2
力道,2
化器,2
紋飾板,2
外觀線,2
強打,2
運動旗,2
艦款,2
尚款,2
存取,2
匹配,2
超強,2
設備,2
門車,2
震動,2
路面,2
反置,2
幫助,2
接送,2
持身,2
語音,2
上發,2
厲研,2
雙導,2
霧燈,2
超高,2
顧到,2
歷經,2
出更,2
常販,2
獨有,2
極短,2
外張,2
問題,2
較重,2
解決,2
軟頂,2
驚人,2
數字,2
繁體,2
跡性,2
屏除,2
橘色,2
代名,2
縫線,2
人體,2
範圍,2
傾斜,2
便利,2
銀色飾,2
於大,2
檔撥片,2
下護,2
競技化,2
體線,2
條極,2
側身,2
具躍,2
優美,2
首度,2
並開,2
北極,2
承中,2
興起,2
影響,2
關篷,2
車架,2
關聯性,2
刻意,2
環境,2
組成,2
精選,2
組合,2
高科技,2
設有,2
側風,2
賓士,2
峰值,2
精心,2
移除,2
光束,2
發光,2
單體,2
獵人,2
上揚,2
電量,2
玩心,2
意涵,2
原點,2
最高,2
具話,2
題性,2
頂尖,2
單圈,2
背書,2
定性,2
燈眉,2
胎壁,2
過彎,2
感知器,2
感視,2
蓋線,2
體感,2
個車,2
版車,2
購車,2
車窗,2
尤加利,2
內燃機,2
程式,2
羊毛,2
距所,1
尾廂,1
條件,1
產品線,1
著位,1
稱號,1
於休,1
可供,1
雙區,1
感應式,1
具跑,1
血車,1
獨到,1
使用者,1
傲視,1
稱得,1
名稱,1
遊牧,1
建構,1
雄偉,1
適宜,1
有力,1
穩固,1
強韌,1
游刃,1
顯得,1
帳面,1
展發,1
準版,1
縮小,1
親和力,1
高輸,1
環繞,1
歡樂,1
位在,1
感加,1
具隱,1
密性,1
難求,1
瘋狂,1
佳績,1
融合,1
橫貫,1
力賽,1
認可,1
擔任,1
險峻,1
極限,1
容下,1
集團,1
停好,1
低調,1
跳脫,1
主導,1
距車,1
鈑痕,1
特仕,1
玩旅,1
腿部,1
動力車,1
締造,1
雷達,1
了動,1
氣派,1
節能車,1
代號,1
保署,1
機會,1
組及,1
本款,1
進與,1
有領,1
級車,1
側線,1
分有,1
審核,1
色熾焰橘,1
裝除,1
熱血,1
焰橘,1
行版,1
樣車,1
流片,1
認證,1
日本,1
樹立,1
標竿,1
全等級,1
影像,1
環景,1
附衛,1
星導,1
車廂,1
三代同堂,1
都能安,1
主被,1
渦輪動力,1
開關,1
轉戰,1
亞洲,1
簡便,1
就手,1
音感,1
式樣,1
部車,1
操控性,1
拖泥,1
節約,1
道路,1
花費數,1
經費,1
顆衛星,1
廣角頭,1
精明,1
轎旅,1
法國,1
產為,1
趨勢,1
概念,1
機車,1
秘藍,1
精品,1
劇院,1
前瞻,1
雕塑,1
導光,1
碰撞,1
皮質,1
乘車,1
了手,1
排車,1
供入,1
短車,1
頂版,1
亟欲,1
凌人,1
新穎,1
打動,1
局節,1
標章,1
采色,1
取消,1
客貨,1
了連,1
霸紀,1
有榮,1
證明,1
中帶,1
閃耀,1
狀況,1
賽事證明,1
背線,1
盲區,1
隔音,1
識別,1
數位,1
盲點,1
精裝,1
熱潮,1
競爭,1
力加,1
拉長,1
認出,1
動版,1
輸入,1
辛烷值,1
採節,1
含括,1
熄火,1
測試,1
歐規,1
榮型,1
操作控制,1
將車頭,1
霧面,1
亮面,1
大造車,1
強烈,1
噴射,1
獵豹,1
貫穿,1
講究,1
巔峰,1
遲滯,1
線性,1
聲頻,1
精密,1
車格,1
棕黑,1
榮獲,1
紅點,1
獲好,1
尊容,1
直覺,1
前驅,1
天窗,1
鍛造,1
配重,1
啟休,1
相當長,1
區分,1
延長,1
不小,1
屬長,1
變更,1
倒車,1
衝擊,1
輝煌,1
關注,1
猶如,1
商車,1
選用,1
商務車,1
底盤車,1
貨車款,1
實際,1
多變,1
貨卡,1
小眾,1
貿易,1
口號,1
旅風,1
區塊,1
不思議,1
想見,1
採進,1
分為,1
壓電式,1
華九人,1
給予,1
銜接,1
硬漢,1
皮卡,1
地力,1
旅行家,1
福特,1
運轉,1
濕滑,1
拖曳,1
能力,1
沙地,1
雙渦,1
更顯,1
排房,1
作本,1
代車,1
意散,1
狂熱,1
裙角,1
年度,1
氣質,1
佔有,1
著旗,1
計上,1
歷來,1
具有,1
龐大,1
領導者,1
型線,1
環導,1
眉燈,1
寬大,1
關動,1
襯托,1
天然色,1
極低,1
排放量,1
置物架,1
輻式,1
匹德,1
制馬力,1
開創,1
繼承,1
工學,1
引領,1
寫觸,1
旅級距,1
藍色,1
綜效,1
雷射,1
敏捷,1
圖示,1
色卡,1
互聯,1
汽缸,1
換上,1
格和,1
演變,1
成現,1
構成,1
好者,1
賽事,1
車展上,1
談到,1
賽場,1
市售車,1
改裝,1
思維,1
條排,1
風口,1
字樣,1
說明,1
置式,1
乾式,1
不改其,1
考驗,1
型式,1
防風,1
作動,1
氣流,1
段式,1
費盡,1
事故,1
構想,1
貴族,1
純正,1
美的,1
傳遞,1
溫度,1
綠能,1
風範,1
躍進,1
體態,1
廂容積,1
下置,1
物容積,1
全數,1
活塞,1
處理,1
廂蓋,1
達成,1
挑戰,1
構築,1
統在,1
怠速,1
控台,1
三輻式,1
單柵,1
儀表板,1
點出,1
小跑,1
份車廠,1
認為,1
背道,1
講求,1
九速,1
發電,1
屬入,1
市場性,1
簡明,1
充電,1
電行駛,1
航力,1
等級,1
經由,1
進到,1
中空,1
本體,1
身價,1
參戰,1
紀念,1
號召,1
夢幻,1
系統,565
設計,545
引擎,514
搭載,365
配備,318
自排,307
擁有,289
空間,280
動力,263
車型,254
採用,238
搭配,230
車款,190
表現,190
外觀,187
車身,183
駕駛,177
輸出,169
扭力,152
馬力,147
展現,145
舒適,144
房車,133
標準,131
車系,129
導入,127
內裝,122
運動,121
渦輪,114
行車,114
力系,111
輔助,109
安全,108
車輛,104
油耗,102
改款,100
豪華,98
市場,98
風格,97
引進,95
座椅,93
增壓,90
動感,87
節能,86
透過,84
車室,84
駕駛者,81
性能,80
選擇,79
車頭,79
消費者,76
頭燈,75
操控,74
最大,73
車體,72
車主,72
造型,71
頂級,68
底盤,68
資訊,68
動態,67
駕馭,66
護罩,66
設定,62
柴油,61
提供,60
加速,59
變速,58
模式,58
汽油,57
調整,56
整體,54
全車系,54
匹馬,54
顯示,54
介面,54
樂趣,53
防護,53
電動,52
產品,51
公升,51
達到,50
速手,48
電子,48
全車,47
成為,47
質感,44
藉由,44
優異,43
技術,43
結合,43
轉向,43
旅車,42
國產,42
鍍鉻,41
登場,40
滿足,40
氣囊,39
進化,39
時尚,39
部份,38
優雅,38
專屬,38
懸吊,38
年式,38
軸距,38
保桿,38
旗艦,37
四門,37
流線,37
煞車,37
現行,37
具備,37
創造,37
智慧型,37
雙離合器,36
水準,36
尾燈,36
進氣,36
雙門,35
套件,35
進口,35
獨立,34
強化,34
延續,34
線條,34
變速箱,33
車壇,32
銷售,32
本車,32
進行,32
螢幕,32
帶來,32
優勢,31
創新,30
轉速,30
車頂,29
承襲,29
俐落,29
運動化,29
力表,29
材質,28
運用,28
乘坐,27
經典,27
科技,27
乘客,27
控制,27
偵測,27
行李,26
可變,26
音響,26
視覺,26
車側,25
警示,25
驅動,25
影音,25
機能,24
傳承,24
販售,24
寬敞,24
有著,24
品質,24
尺碼,24
能夠,24
穩定,24
風潮,24
歡迎,24
氣息,24
原廠,23
功能,23
變化,22
乘員,22
越野,22
椅背,22
升級,22
豐富,21
發表,21
切換,21
升車,20
呈現,20
整合,20
路況,20
小車,19
空調,19
硬頂,19
創下,19
排變,19
反應,19
個性,19
營造,19
水箱,19
行駛,19
車化,19
跑車,18
升直,18
傳統,18
新車,17
團隊,17
規格,17
霸氣,17
充滿,17
兼顧,17
訴求,16
實用,16
靈活,16
傳動,16
真皮,16
經濟,16
特點,16
量化,16
排氣,16
駕乘,16
旅行,15
構造,15
成績,15
款車,15
銳利,15
娛樂,15
車艙,15
年輕,15
開啟,15
靜止,14
級距,14
體驗,14
獲得,14
收納,14
車尾,14
台灣,14
腰線,14
超長,14
加寬,14
換檔,14
提升,14
發出,14
陣營,14
導航,14
發揮,14
氣門,14
進氣口,14
高光澤,14
黑色,14
架構,13
包含,13
歐洲,13
氣勢,13
基礎,13
獨特,13
置物,13
先進,13
音源,13
空力,13
減少,13
智慧,13
買家,13
跨界,13
急煞,13
動能,13
發展,12
結構,12
強悍,12
時間,12
版本,12
裝置,12
尾門,12
特徵,12
新增,12
感受,12
完美,12
加持,12
停車,12
通訊,12
尾管,12
背車,11
向來,11
代理,11
不錯,11
領域,11
媒體,11
喜愛,11
出遊,11
觸控,11
修飾,11
流暢,11
解析度,11
空氣,11
廂式,11
排氣量,11
開發,11
合金,11
可達,11
裕隆,11
濃郁,11
超跑,11
寬闊,11
中華,11
誕生,11
操作,11
座艙,11
自動,10
稱道,10
特質,10
貼心,10
狀態,10
氣壩,10
增添,10
高達,10
氣量,10
音樂,10
氛圍,10
前保桿,10
實用性,10
時速,10
研發,9
避震器,9
進入,9
明顯,9
啟動,9
頭家,9
觀上,9
強調,9
修長,9
角度,9
超過,9
增長,9
細微,9
維持,9
汽車,9
省油,9
掀背,9
更具,9
移動,9
名號,9
發生,9
包覆,9
強大,9
高度,9
轎跑車,9
賦予,8
車名,8
話題,8
好評,8
容納,8
進軍,8
七速,8
調性,8
腳步,8
油門,8
機械,8
輪廓,8
系車,8
日系,8
尊貴,8
照明,8
調校,8
尾翼,8
全彩,8
三菱,8
細部,8
紡錘,8
避震,8
速箱,8
鋁質,8
列為,8
中文,8
突顯,8
國人,7
一甲子,7
豪華車,7
標配,7
實力,7
正統,7
車色,7
車高,7
打平,7
休閒,7
車展,7
彈性,7
族群,7
變換,7
防滑,7
車道,7
手機,7
嬌小,7
商用,7
搶攻,7
電池,7
輪圈,7
尊爵,7
躍動,7
輪胎,7
領先,7
人座,7
機能性,7
噪音,7
風貌,7
美國,7
新造型,7
豐沛,7
電力,7
超越,7
三缸,7
力學,7
銀色,7
面板,7
操駕,7
鎖定,7
過程,7
出力,6
特色,6
決定,6
問世,6
德國,6
確保,6
歷代,6
雙肋,6
車頂線,6
車線,6
編成,6
剛硬,6
晶鑽,6
傑出,6
詮釋,6
行動,6
橫柵式,6
顛覆,6
廢氣,6
陡坡,6
物品,6
奢華,6
身形,6
配置,6
用車,6
效率,6
原裝,6
尊榮,6
智能,6
理念,6
了傳,6
優渥,6
邁入,6
獨樹,6
衛星,6
房車款,6
打響,6
飽滿,6
低噪音,6
規劃,6
配合,6
連續,6
網狀,6
推出,6
王者,6
冠軍,6
感應,6
著進,6
斜背,6
視野,6
細膩,6
採取,6
呼應,6
偏離,6
光燈,6
極高,6
亮麗,6
電話,6
錯認,6
旋鈕,6
廂空間,6
身軀,6
選配,6
當家,5
重視,5
加長,5
變得,5
來源,5
圓潤,5
討喜,5
感覺,5
類似,5
肩線,5
差異,5
定義,5
單元,5
特性,5
弧型,5
車長,5
排放,5
車況,5
延伸,5
鮮明,5
折線,5
家族化,5
稅制,5
杯架,5
科技化,5
循環,5
前衛,5
改採,5
皮椅,5
便利性,5
耐操,5
省稅金,5
實惠,5
行路,5
回饋,5
評價,5
北美,5
統購,5
車思維,5
實現,5
活躍,5
青鳥,5
迷應,5
國產車,5
高頂,5
極佳,5
乘用,5
帶有,5
打造,5
享受,5
靈敏,5
賽車,5
雙側,5
遙控,5
思惟,5
少見,5
穩重,5
紀錄,5
活潑,5
傾倒,5
系標,5
阻尼,5
深具,5
哲學,5
美學,5
立體,5
速比,5
驚艷,5
菁英,5
馬達,5
辨識,5
應用,5
彎道,5
忠實,5
跑格,5
層峰,5
分隔,5
盛起之,5
展開,5
頂篷,5
項目,5
行燈,5
導流,5
氣孔,5
銘牌,5
風情,5
圓弧,5
氣度,5
燈光,5
鍍鉻飾,5
橫柵,5
傳輸,5
啟閉,5
歐系,4
入門,4
意義,4
時期,4
乘座,4
引發,4
討論,4
滑門,4
打開,4
車重,4
減輕,4
檔狀態,4
踩下,4
疲勞,4
載貨,4
樂活,4
拆除,4
八速,4
轎式,4
玻璃,4
四缸,4
福斯,4
負重,4
目標,4
剎車,4
商旅,4
燈組,4
區域,4
人氣,4
深獲,4
油電,4
時代,4
國產化,4
地形,4
另配,4
風行,4
餘國,4
享譽,4
商務,4
改變,4
音響主機,4
檔位,4
放大,4
本質,4
側裙,4
隔音板,4
圍繞,4
血統,4
成員,4
曲線,4
堪稱,4
資料,4
圖資,4
定位,4
車級,4
行李箱,4
繼續,4
生產,4
防撞,4
步行者,4
參與,4
規車,4
核桃木,4
膝部,4
優先,4
擾流,4
確立,4
細分,4
迷人,4
背款,4
管理系,4
車門,4
粗獷,4
生力,4
起為,4
領軍,4
負起,4
打擊,4
重責,4
追加,4
分流器,4
賽道,4
造就,4
精進,4
高質,4
油電車,4
價值,4
輔以,4
共軌,4
身為,4
德系,4
出眾,4
成熟,4
青睞,4
亞太區,4
無車,4
精華,4
車位,4
飾板,4
張力,4
過去,4
挹注,4
都會,4
頭部,4
顯出,4
優雅線,4
開起,4
弧線,4
狀飾板,4
顏色,4
門檻,4
電影,4
開拓,4
客層,4
現身,4
服務,4
鈑件,4
採光,4
陽光,4
熱能,4
放倒,4
旅行箱,4
連桿,4
差速器,4
發現,4
汽柴油,4
分離,3
依序,3
歷史,3
簡潔,3
情況,3
寬裕,3
終於,3
上的,3
排與,3
可調,3
厚實,3
企圖,3
滿載,3
氣簾,3
變動,3
簡化,3
五速手,3
日內瓦,3
電動車,3
帳篷,3
露營,3
內瓦車,3
踏板,3
休息,3
咖啡杯,3
定速巡航,3
原木,3
面貌,3
業界,3
功能性,3
大獎,3
受重,3
一體,3
軸車,3
容積,3
適合,3
競爭力,3
售價,3
威脅,3
市佔率,3
可讀,3
電動馬,3
油價,3
體化,3
感先,3
換裝,3
薄型,3
改為,3
打滑,3
下坡,3
增加,3
纖維,3
倒梯形,3
極光,3
觸控式,3
靈巧,3
防線,3
風險,3
更添,3
壓力,3
分配,3
重擔,3
挑高,3
滑軌,3
方車門,3
沉穩,3
攣生,3
血緣,3
碩大,3
寧靜,3
觀設,3
車市,3
暢銷,3
音效,3
可愛,3
最小,3
敏捷性,3
極致,3
背式,3
晝行燈,3
精典,3
平衡,3
絕妙,3
車規,3
無壓,3
原生,3
馭光,3
侵掠,3
轎車,3
幸福,3
優質,3
重點,3
達卡賽,3
戰績,3
記錄,3
胎壓,3
牛仔布,3
原本,3
內裝質,3
最愛,3
巡弋,3
依循,3
殊榮,3
焦點,3
執行,3
鑰匙,3
面積,3
風味,3
六速,3
插孔,3
共計,3
烤漆,3
魂動,3
剛性,3
降噪,3
紐約,3
要角,3
帶領,3
經營,3
搶眼,3
廣受,3
先鋒,3
部隊,3
前輪,3
褶痕,3
剽悍,3
導向,3
內瓦,3
擴展,3
歐陸,3
光源,3
高爾夫,3
球袋,3
更佳,3
工藝,3
渦流,3
高性能,3
方面,3
闊別,3
車種,3
青車款,3
鋁圈,3
星宇,3
統一,3
雙縫線,3
四驅,3
加強,3
換算,3
規值,3
攝影,3
駕駛人,3
強度,3
雙腎,3
家族,3
順應,3
圓頭,3
腎型,3
簡約,3
車式,3
高效,3
條鋁,3
含換,3
旅程,3
朱羅紀,3
公園,3
化元素,3
廂機,3
能爭,3
需選,3
輝映,3
自傳,3
結合動感,3
因應車,3
出如,3
橫向,3
開篷,3
軟篷,3
燈泡,3
長軸,3
摩擦,3
化車,3
子板,3
明亮,3
降低,3
進出,3
巧妙,3
方矩,3
動人,3
晝行,3
燈飾,3
性尾燈,3
供油,3
碟片,3
紅色,3
環艙,3
香氛,3
鑽石,3
境界,3
合口味,3
擴充,3
考量,3
方向,3
性賽,3
雙色,3
變幻,3
躺平,2
邁進,2
希臘,2
神話,2
太陽,2
神馬車,2
了該,2
三廂四門,2
奠下,2
恆溫,2
明確,2
匯集,2
雙重,2
演進,2
距離動力,2
統進,2
不斷,2
較小,2
熱烈,2
著手,2
車迷,2
現階段,2
速系,2
風雲,2
榮膺,2
頭銜,2
平實,2
價格,2
開闊,2
廚房,2
閒用,2
夢想,2
遙遠,2
符合,2
神韻,2
強勁,2
玩家,2
官方,2
座位,2
需求,2
元素,2
局所,2
縱橫,2
沿襲,2
身長,2
寬高,2
品味,2
奪得,2
蓋雙,2
創意,2
廂線,2
運動性,2
平台,2
氙氣,2
開放,2
叩關,2
戰略車,2
寫下,2
了車,2
寬廣,2
混合,2
底板,2
燃油,2
發燒,2
變革,2
規保險桿,2
精悍,2
兼具,2
取材自,2
堅持,2
蓄勢,2
待發,2
轉盤,2
鋼帶,2
勁紅,2
前置式,2
轉換,2
市區,2
藍牙,2
造出,2
方型,2
加入,2
優點,2
魅力十足,2
行系,2
電腦,2
平板,2
加速性,2
熱情,2
顧客,2
能源,2
順暢,2
新款,2
四格,2
分季,2
計整,2
戰略,2
樣貌,2
艙質,2
數據,2
縮短,2
消費,2
馳騁,2
燃燒,2
風阻,2
英國,2
行家,2
連霸,2
嚴苛,2
沈穩尊,2
頂級款,2
分級,2
沈穩,2
陣容,2
延燒,2
防眩,2
粗曠,2
呵護,2
再臨,2
車距,2
減震,2
開滑,2
豪華型,2
獎項,2
夾著,2
效應,2
矚目,2
五角形,2
洛杉磯,2
隔板,2
人馬,2
姿態,2
人機,2
統則,2
直柵式,2
具立,2
乘者,2
新式,2
超大,2
力道,2
化器,2
紋飾板,2
外觀線,2
強打,2
運動旗,2
艦款,2
尚款,2
存取,2
匹配,2
超強,2
設備,2
門車,2
震動,2
路面,2
反置,2
幫助,2
接送,2
持身,2
語音,2
上發,2
厲研,2
雙導,2
霧燈,2
超高,2
顧到,2
歷經,2
出更,2
常販,2
獨有,2
極短,2
外張,2
問題,2
較重,2
解決,2
軟頂,2
驚人,2
數字,2
繁體,2
跡性,2
屏除,2
橘色,2
代名,2
縫線,2
人體,2
範圍,2
傾斜,2
便利,2
銀色飾,2
於大,2
檔撥片,2
下護,2
競技化,2
體線,2
條極,2
側身,2
具躍,2
優美,2
首度,2
並開,2
北極,2
承中,2
興起,2
影響,2
關篷,2
車架,2
關聯性,2
刻意,2
環境,2
組成,2
精選,2
組合,2
高科技,2
設有,2
側風,2
賓士,2
峰值,2
精心,2
移除,2
光束,2
發光,2
單體,2
獵人,2
上揚,2
電量,2
玩心,2
意涵,2
原點,2
最高,2
具話,2
題性,2
頂尖,2
單圈,2
背書,2
定性,2
燈眉,2
胎壁,2
過彎,2
感知器,2
感視,2
蓋線,2
體感,2
個車,2
版車,2
購車,2
車窗,2
尤加利,2
內燃機,2
程式,2
羊毛,2
距所,1
尾廂,1
條件,1
產品線,1
著位,1
稱號,1
於休,1
可供,1
雙區,1
感應式,1
具跑,1
血車,1
獨到,1
使用者,1
傲視,1
稱得,1
名稱,1
遊牧,1
建構,1
雄偉,1
適宜,1
有力,1
穩固,1
強韌,1
游刃,1
顯得,1
帳面,1
展發,1
準版,1
縮小,1
親和力,1
高輸,1
環繞,1
歡樂,1
位在,1
感加,1
具隱,1
密性,1
難求,1
瘋狂,1
佳績,1
融合,1
橫貫,1
力賽,1
認可,1
擔任,1
險峻,1
極限,1
容下,1
集團,1
停好,1
低調,1
跳脫,1
主導,1
距車,1
鈑痕,1
特仕,1
玩旅,1
腿部,1
動力車,1
締造,1
雷達,1
了動,1
氣派,1
節能車,1
代號,1
保署,1
機會,1
組及,1
本款,1
進與,1
有領,1
級車,1
側線,1
分有,1
審核,1
色熾焰橘,1
裝除,1
熱血,1
焰橘,1
行版,1
樣車,1
流片,1
認證,1
日本,1
樹立,1
標竿,1
全等級,1
影像,1
環景,1
附衛,1
星導,1
車廂,1
三代同堂,1
都能安,1
主被,1
渦輪動力,1
開關,1
轉戰,1
亞洲,1
簡便,1
就手,1
音感,1
式樣,1
部車,1
操控性,1
拖泥,1
節約,1
道路,1
花費數,1
經費,1
顆衛星,1
廣角頭,1
精明,1
轎旅,1
法國,1
產為,1
趨勢,1
概念,1
機車,1
秘藍,1
精品,1
劇院,1
前瞻,1
雕塑,1
導光,1
碰撞,1
皮質,1
乘車,1
了手,1
排車,1
供入,1
短車,1
頂版,1
亟欲,1
凌人,1
新穎,1
打動,1
局節,1
標章,1
采色,1
取消,1
客貨,1
了連,1
霸紀,1
有榮,1
證明,1
中帶,1
閃耀,1
狀況,1
賽事證明,1
背線,1
盲區,1
隔音,1
識別,1
數位,1
盲點,1
精裝,1
熱潮,1
競爭,1
力加,1
拉長,1
認出,1
動版,1
輸入,1
辛烷值,1
採節,1
含括,1
熄火,1
測試,1
歐規,1
榮型,1
操作控制,1
將車頭,1
霧面,1
亮面,1
大造車,1
強烈,1
噴射,1
獵豹,1
貫穿,1
講究,1
巔峰,1
遲滯,1
線性,1
聲頻,1
精密,1
車格,1
棕黑,1
榮獲,1
紅點,1
獲好,1
尊容,1
直覺,1
前驅,1
天窗,1
鍛造,1
配重,1
啟休,1
相當長,1
區分,1
延長,1
不小,1
屬長,1
變更,1
倒車,1
衝擊,1
輝煌,1
關注,1
猶如,1
商車,1
選用,1
商務車,1
底盤車,1
貨車款,1
實際,1
多變,1
貨卡,1
小眾,1
貿易,1
口號,1
旅風,1
區塊,1
不思議,1
想見,1
採進,1
分為,1
壓電式,1
華九人,1
給予,1
銜接,1
硬漢,1
皮卡,1
地力,1
旅行家,1
福特,1
運轉,1
濕滑,1
拖曳,1
能力,1
沙地,1
雙渦,1
更顯,1
排房,1
作本,1
代車,1
意散,1
狂熱,1
裙角,1
年度,1
氣質,1
佔有,1
著旗,1
計上,1
歷來,1
具有,1
龐大,1
領導者,1
型線,1
環導,1
眉燈,1
寬大,1
關動,1
襯托,1
天然色,1
極低,1
排放量,1
置物架,1
輻式,1
匹德,1
制馬力,1
開創,1
繼承,1
工學,1
引領,1
寫觸,1
旅級距,1
藍色,1
綜效,1
雷射,1
敏捷,1
圖示,1
色卡,1
互聯,1
汽缸,1
換上,1
格和,1
演變,1
成現,1
構成,1
好者,1
賽事,1
車展上,1
談到,1
賽場,1
市售車,1
改裝,1
思維,1
條排,1
風口,1
字樣,1
說明,1
置式,1
乾式,1
不改其,1
考驗,1
型式,1
防風,1
作動,1
氣流,1
段式,1
費盡,1
事故,1
構想,1
貴族,1
純正,1
美的,1
傳遞,1
溫度,1
綠能,1
風範,1
躍進,1
體態,1
廂容積,1
下置,1
物容積,1
全數,1
活塞,1
處理,1
廂蓋,1
達成,1
挑戰,1
構築,1
統在,1
怠速,1
控台,1
三輻式,1
單柵,1
儀表板,1
點出,1
小跑,1
份車廠,1
認為,1
背道,1
講求,1
九速,1
發電,1
屬入,1
市場性,1
簡明,1
充電,1
電行駛,1
航力,1
等級,1
經由,1
進到,1
中空,1
本體,1
身價,1
參戰,1
紀念,1
號召,1
夢幻,1
