 ,8800
系統,3240
引擎,2161
設計,1964
駕駛,1562
動力,1494
搭載,1439
最大,1433
配備,1322
提供,1319
搭配,1261
空間,1157
擁有,1131
馬力,1113
KGM,1014
安全,1003
變速,982
全新,940
採用,916
車型,903
表現,894
扭力,888
輸出,876
後,875
車身,871
；,775
H,772
控制,763
式,740
科技,739
運動,730
性,729
車輛,723
功能,690
輔助,689
跑車,677
性能,673
行車,673
座椅,668
舒適,666
加速,666
時,655
油耗,655
LED,651
標準,635
系列,633
車款,628
造型,626
升,614
秒,610
透過,603
2.0,599
操控,584
展現,578
渦輪,575
CLASS,571
外觀,563
自排,550
節能,548
匹,541
模式,535
100KM,524
型,520
吋,514
！,509
感,508
後座,507
動態,506
方向盤,504
化,504
車主,501
選擇,477
AMG,476
穩定,475
柴油,471
箱,464
下,463
豪華,463
煞車,460
頭燈,450
水箱,450
BMW,447
最,444
顯示,442
L,442
SPORT,440
同級,436
增壓,426
質感,423
整合,412
風格,411
全車系,409
資訊,409
配置,403
內裝,400
懸吊,397
導入,397
車室,397
雙,396
M,395
電子,392
引進,390
動感,389
護罩,388
設定,385
需求,384
車系,383
亦,381
自動,381
調整,378
座,376
方面,373
中,371
線條,371
駕馭,367
提昇,364
房車,360
增加,358
降低,356
乘坐,355
樂趣,354
直列,353
車體,350
電動,349
轉向,349
底盤,348
前,348
國內,345
汽油引擎,345
車頭,344
輕鬆,343
提升,337
排氣,336
頂級,332
C,331
世代,328
行駛,326
車,324
改款,323
操作,318
防護,316
視覺,316
感受,315
螢幕,314
直噴,313
專屬,313
結合,312
套件,309
整體,307
技術,306
使用,304
消費者,301
GOLF,298
進氣,292
具備,292
主動,292
同樣,290
使,290
音響,290
皆,287
人,287
智慧型,287
COUPE,287
中央,287
S,285
乘客,284
行李,283
大幅,283
TURBO,282
達到,280
則是,279
享受,279
車尾,277
部份,277
打造,277
多功能,277
手排,274
創造,274
公升,271
低,270
滿足,269
中控台,266
KM,266
氣囊,265
錶,264
小,263
TSI,262
空調,261
運用,260
外,258
TWINPOWER,256
缸,255
四缸,253
全車,250
優異,248
之外,245
座艙,245
等級,244
完美,242
輕,241
先進,240
到,238
軸距,238
再,238
最佳,238
度,237
家族,236
換檔,235
警示,235
板,235
呈現,235
I,234
強化,231
年,231
時尚,230
轉速,230
燈,230
切換,229
帶來,227
概念,224
反應,223
主動式,223
離合器,222
版,222
旗艦,221
體驗,221
儀,221
高度,220
進行,220
真皮,219
椅背,219
ECO,219
尾燈,217
驅動,216
廂,215
相當,215
量化,215
針對,213
平均,213
F,213
外型,211
可變,208
完成,207
僅需,206
進化,205
升級,205
獨立,204
寬敞,202
黑色,202
標配,200
介面,200
目前,198
燃油,198
效率,198
款,196
推出,195
路況,195
鋁合金,194
車內,193
V6,193
達,193
市場,192
更具,192
偵測,192
大型,190
HYBRID,190
V8,188
兩種,188
材質,187
MAZDA,187
水準,186
鍍鉻,186
車側,186
循跡,186
新增,186
有效,185
手,185
營造,185
氛圍,184
最高,181
影音,181
全面,180
輪,180
E,179
高達,178
提高,178
保桿,177
LINE,177
實用,176
延伸,175
機能,174
能夠,173
剛性,173
特別,172
結構,170
1.6,169
感應,169
車門,169
含,169
2.4,169
豐富,168
更是,168
1.8,168
便利性,167
量,166
NEW,165
經典,165
原廠,164
靜止,164
中文,164
R,163
駕,162
氣門,162
GT,162
優雅,161
以上,161
G,160
油門,159
TDI,158
峰值,158
環保,157
分配,157
絕佳,157
LEXUS,157
智慧,156
具有,155
調校,155
可達,155
V,155
分別,154
：,154
飾板,154
共有,153
汽油,153
具,153
LTR,153
維持,152
包含,151
效果,150
個性,150
4MATIC,150
PASSAT,149
恆溫,149
兩側,149
靈活,149
藉由,149
包覆,149
氣息,148
啟閉,148
版本,147
動能,146
裝置,146
發揮,145
減少,145
都會,145
VOLKSWAGEN,144
四輪,144
流線,144
列為,143
成為,143
車頂,143
被動,142
便利,142
高效,142
越野,141
重新,141
最後,141
娛樂,141
衛星導航,141
包括,140
最新,140
照明,140
IDRIVE,140
本車,139
雙前,139
更顯,139
PLUS,138
鍍,138
停車,138
分離,137
經濟,137
兼具,137
優勢,137
BENZ,136
旅程,135
年輕,134
起步,134
速度,133
速手,133
規格,132
鋁圈,132
兼顧,131
前方,131
正時,130
更多,129
總代理,129
即可,129
組,129
力道,129
流暢,129
國產,129
X1,129
產品,128
年式,128
CVT,128
也是,127
力,127
跑,127
傳動,127
PRO,127
充滿,126
確保,126
獨特,126
行燈,126
變化,125
強悍,125
十足,125
立體,125
GRAN,125
台灣,124
2.5,123
進一步,123
高速,123
級,122
嶄新,122
置物,121
配合,121
空氣,121
HONDA,121
獲得,120
1.4,120
特性,120
發生,120
SERIES,120
角度,120
3.0,119
1.5,119
三種,118
比例,118
20,118
檔,118
DSG,117
順暢,117
日,117
啟動,117
精緻,116
SRS,116
極速,116
乘員,116
多媒體,116
尾門,115
符合,115
創新,115
過程,115
觸控,115
手機,115
延續,114
收納,114
效能,114
全球,114
SUV,114
50,114
視野,114
開發,114
方式,113
開啟,113
全方位,113
元素,113
相同,112
防滑,112
下方,112
時速,112
增添,112
蓋,112
自然,112
銳利,111
ESP,111
間,111
狀態,111
START,111
造就,111
霸氣,111
精準,111
幕,111
NISSAN,111
氣勢,110
FOCUS,110
柱,109
已,109
入門,108
的是,108
容積,108
只,106
掌握,106
前座,105
同步,105
實現,105
傳統,104
尺碼,104
多項,104
完全,104
位於,104
彈性,104
安全性,104
GS,104
七速,103
融合,103
環境,102
六缸,102
CD,102
省油,102
般的,102
雙門,101
USB,101
3.5,101
受到,100
基礎,100
撥片,100
VVT,100
高性能,99
之後,99
超越,99
利用,99
左右,98
新一代,98
重量,98
無段,98
CX,98
進口,97
承襲,97
差速器,97
按鍵,97
則為,96
熱血,96
寬,96
能源,96
X3,96
放大,95
車壇,95
室內,95
7G,95
級距,94
在外,94
操駕,94
ESTATE,94
賦予,93
倒車,93
碰撞,93
極致,93
車速,93
寬闊,93
TOYOTA,93
B,92
之下,92
高級,92
選配,92
膝部,92
部分,92
附,92
COMFORT,92
霧,92
尾翼,92
X5,92
BLUEEFFICIENCY,92
CLA,92
特色,91
4000RPM,91
品味,91
貼心,91
俐落,91
傾倒,90
ABS,90
研發,90
各項,90
輪廓,90
大器,90
X,90
理念,89
18,89
輪圈,89
STOP,89
移動,89
成功,89
辨識,89
40.8,88
達成,88
測試,88
豐沛,88
需,88
CONTROL,88
TRONIC,88
新車,87
車長,87
水平,87
尾管,87
ACTIVE,87
VTI,87
休旅,86
風口,86
令人,86
保有,85
現行,85
拱,85
全,84
持續,84
所有,84
直接,84
成就,84
按鈕,84
出色,83
係數,83
路面,83
金屬,82
飾條,82
魅力,82
D,82
領先,82
重心,82
程度,81
品質,81
上市,81
五門,81
風阻,81
排檔,81
烤漆,81
後方,81
尺寸,80
給予,80
唯一,80
時間,80
原本,80
進入,80
天窗,80
式樣,80
空力,80
彩色,80
TOURING,80
光澤,79
速,79
產生,79
呼應,79
LANCER,79
STEPTRONIC,79
MERCEDES,79
加入,78
四門,78
車道,78
第二代,78
位置,78
檔位,78
電腦,78
LIVINA,78
CDI,78
觀,77
整合式,77
車的,77
強大,77
一代,77
低油耗,77
改變,77
導航,77
X6,77
強勁,76
CADDY,76
加大,76
旋鈕,76
出力,75
通訊,75
生活,75
10,75
前衛,75
鉻飾條,75
隨時,75
優化,75
前保桿,75
銀色,75
PRIUS,75
車高,74
實力,74
面板,74
玻璃,74
後視鏡,74
藍牙,74
力學,74
平順,74
油電,74
完整,74
不錯,73
輪胎,73
狀況,73
踏板,73
鑰匙,73
首度,73
第三代,73
EBD,73
智能,73
VW,72
距離,72
團隊,72
七人座,72
轎,72
能力,72
6000RPM,72
需要,72
BRAKE,72
車艙,72
直覺,72
播放,72
美學,72
CR,72
以來,71
升直,71
紅色,71
避免,71
首次,71
35.7,71
強調,71
風貌,71
傳輸,71
日本,71
DSC,71
TIIDA,71
ES,71
規劃,70
美的,70
細膩,70
壩,70
工學,70
隔音,70
盲點,70
ECOBOOST,70
三排,69
相對,69
日間,69
觸控式,69
曲線,69
DCT,69
中的,68
罩,68
卻,68
充沛,68
前代,68
燈組,68
主要,68
支撐,68
導向,68
主機,68
勾勒,68
40,68
PREVIA,68
在內,67
做,67
升至,67
全彩,67
也可,67
彎道,67
清晰,67
安心,67
多重,67
SKYACTIV,67
品牌,66
保留,66
多元,66
過去,66
出遊,66
世界,66
撞擊,66
主,66
腰線,66
LS,66
銷售,65
亦可,65
張力,65
超過,65
一體,65
懸,65
變換,65
巧妙,65
快速,65
工程,65
範圍,65
VARIANT,64
六速,64
艙,64
享有,64
共軌,64
2012,64
融入,64
更能,64
阻尼,64
靈敏,64
進,64
噪音,64
TOURER,64
化八速,64
兩,63
TIGUAN,63
ASSIST,63
賽車,63
物品,63
樑,63
平衡,63
人體,63
IN,63
電動馬達,63
操控性,63
EPS,63
ACCORD,63
源自,62
椅,62
依舊,62
方便,62
六速手,62
項目,62
一款,62
詮釋,62
裝設,62
配有,62
平整,62
AUX,62
綜效,62
SUPER,62
GLA,62
旗下,61
鋪陳,61
喜愛,61
電池,61
大量,61
公斤,61
上方,61
保持,61
新式,61
散發,61
汽缸,61
本次,61
FORD,61
休旅車,60
軸,60
卓越,60
輕易,60
並可,60
極具,60
躍動,60
音樂,60
媲美,60
DVD,60
福特,60
四驅,59
王者,59
敞篷,59
喜好,59
距,59
值,59
之上,59
可說,59
傷害,59
大面,59
旅行車,58
局,58
簡潔,58
以往,58
不凡,58
三幅,58
定速巡航,58
行李箱,58
保護,58
鎖定,58
追加,58
運轉,58
鍵,58
環景,58
剽悍,58
BOS,58
MONDEO,58
門房,57
則有,57
長度,57
一個,57
高科技,57
輔以,57
格局,57
細節,57
斜坡,57
家庭,56
向來,56
有著,56
機械,56
裝載,56
縮短,56
2014,56
內建,56
人性化,56
YARIS,56
RAV4,56
MURANO,56
RX,56
SHOOTING,56
得以,55
兩款,55
的實,55
並以,55
不容,55
MPV,55
採,55
全數,55
環繞,55
震動,55
則以,55
COLT,55
成績,54
孔,54
擎,54
歐盟,54
換上,54
解析度,54
自在,54
記憶,54
TOUCH,54
SHIFT,54
銀,54
皮革,54
MIVEC,54
XDRIVE,54
184,54
十分,53
車中,53
採取,53
用車,53
連續,53
修長,53
驚人,53
模組,53
族群,53
直四,53
胎壓,53
緊急,53
17,53
黑,53
回饋,53
MAZDA6,53
HID,52
迷人,52
更將,52
公里,52
追求,52
這套,52
說,52
適合,52
協助,52
轉時,52
雷達,52
鮮明,52
洗鍊,52
再次,52
改善,52
擾流,52
優先,52
3D,52
TDCI,52
許多,51
25.5,51
小型,51
GTI,51
中大,51
條,51
超大,51
第二排,51
容量,51
減輕,51
製,51
徹底,51
液晶,51
提示,51
二次,51
碳纖維,51
歡迎,51
極佳,51
強烈,51
計,51
一級,51
道路,51
電力,51
4WD,51
最低,51
370Z,51
渦流,51
Z4,51
販售,50
用料,50
頭部,50
重要,50
因應,50
考量,50
在行,50
代號,50
混合,50
100,50
瞬間,50
FIT,50
CLS,50
商旅,49
關閉,49
特質,49
SCIROCCO,49
三款,49
正式,49
明顯,49
自由,49
提,49
突顯,49
2013,49
音源,49
更佳,49
便可,49
造成,49
強度,49
扶手,49
介入,49
供油,49
循環,49
CAMRY,49
方向,49
DUAL,49
避震,49
點綴,49
迅速,49
FIESTA,49
AVANTGARDE,49
僅有,48
定位,48
裝,48
清楚,48
2008,48
風範,48
桿,48
飽滿,48
之間,48
所需,48
還可,48
連結,48
寬廣,48
鋼材,48
依據,48
處理,48
爆發,48
C63,48
第三排,47
單一,47
疲勞,47
溫度,47
前輪,47
焦點,47
守護,47
跑格,47
環艙,47
縫線,47
獨有,47
視線,47
這具,47
木紋,47
寧靜,47
PAJERO,47
佈,46
進出,46
車色,46
奢華,46
重點,46
值得一提的是,46
以外,46
氣壩,46
尊榮,46
內部,46
多種,45
堪稱,45
高效能,45
MAXI,45
偏離,45
完,45
面貌,45
區分,45
此次,45
45.9,45
2WD,45
5.5,45
排放,45
打滑,45
簡約,45
ALTIS,45
下的,45
口,45
應用,45
大膽,45
方向燈,45
INVECS,45
賽道,45
COMAND,45
可供,44
升引,44
則可,44
開闊,44
獨家,44
車輪,44
釋放,44
語彙,44
架,44
4.6,44
尊貴,44
影像,44
加持,44
身為,44
鋁質,44
四種,43
訴求,43
代表,43
250KM,43
鋼,43
燻,43
發表,43
米,43
濃厚,43
充電,43
平台,43
16,43
更以,43
連接,43
揚聲器,43
ATKINSON,43
顆,43
彰顯,43
線,43
繁體,43
OUTLANDER,43
ODYSSEY,43
SERVOTRONIC,43
傳承,42
商務,42
身形,42
歐洲,42
差異,42
助益,42
12,42
變得,42
休閒,42
TOURAN,42
MOTION,42
明亮,42
車展,42
提醒,42
形象,42
複合,42
全景式,42
輪軸,42
DESIGN,42
門檻,42
衝刺,42
樹立,42
七速手,42
安全帶,42
BAS,42
裕隆,42
紡錘,42
聲浪,42
EFFICIENTDYNAMICS,42
休,41
德國,41
減速,41
七速雙,41
頂,41
DRIVE,41
供,41
夜間,41
中控,41
敏捷,41
怠速,41
保險桿,41
TFT,41
遙控,41
原有,41
TRC,41
TEANA,41
首創,41
傳遞,41
1200,41
SPEEDSHIFT,41
架構,40
向前,40
CALIFORNIA,40
不斷,40
一具,40
創下,40
1.0,40
CC,40
進步,40
超高,40
折疊,40
導引,40
七代,40
並將,40
額外,40
配重,40
特殊,40
獨一無二,40
TPMS,40
銘牌,40
MP3,40
低速,40
深色,40
服務,40
大幅提高,40
思維,40
HSA,40
乘者,40
IS,40
KUGA,40
SYNC,40
相較,39
來源,39
五種,39
放置,39
肌肉,39
180HP,39
1500,39
的雙,39
汽車,39
競爭,39
折線,39
掀背,39
過往,39
投射,39
精心,39
Z,39
MODE,39
更導入,39
加強,39
聰明,39
三菱,39
動作,39
FORTIS,39
VTEC,39
GLE,39
輕快,38
CRAFTER,38
未來,38
橫向,38
區域,38
六代,38
170HP,38
滑移,38
多樣化,38
15,38
5500RPM,38
STYLE,38
擋風玻璃,38
MQB,38
面對,38
支援,38
精進,38
時機,38
傲人,38
意外,38
氣氛,38
緊密,38
上坡,38
一路,38
工藝,38
雙色,38
層次,38
出現,38
LX570,38
C250,38
面,37
情況,37
AUTO,37
氣簾,37
道,37
2010,37
數據,37
1.2,37
座位,37
頂篷,37
評價,37
肯定,37
行人,37
置,37
184HP,37
愜意,37
歧管,37
MID,37
約,37
亮眼,37
REMOTE,37
ESCAPE,37
不足,37
使用者,36
傲視,36
屬於,36
加長,36
精神,36
美感,36
處,36
熄火,36
滑門,36
運作,36
門,36
連桿,36
2015,36
280,36
代,36
綿密,36
新款,36
皮質,36
制動,36
尊爵,36
目光,36
臂,36
SL,36
跨界,36
30,36
駕乘者,36
齒輪,36
車軸,36
POWERSHIFT,36
歸功,36
306,36
含換,36
ONLINE,36
賓士,36
彈簧,35
刻意,35
2007,35
底板,35
特地,35
風潮,35
BLUEMOTION,35
TECHNOLOGY,35
五顆,35
種,35
鈑,35
並在,35
ROAD,35
升車型,35
勁,35
NAPPA,35
安全氣囊,35
儀表,35
鑽石,35
卡鉗,35
VIOS,35
WISH,35
精密,35
模擬,35
日產,35
2.3,35
PACKAGE,35
鞍座,35
增壓器,35
成,34
掀,34
小車,34
4.2,34
形式,34
140HP,34
商用,34
一舉,34
2011,34
一貫,34
更添,34
福斯,34
馬達,34
藍色,34
玩家,34
預煞,34
內外,34
腿部,34
CONNECT,34
最佳化,34
2017,34
抬頭,34
VSC,34
側裙,34
遠光燈,34
儀表板,34
IO,34
境界,34
過度,34
CT200H,34
字樣,34
RC,34
CIVIC,34
4.4,34
T,33
MULTIVAN,33
重視,33
中型,33
6.2,33
氣壓,33
避震器,33
TCS,33
TOUAREG,33
的車,33
之中,33
車寬,33
特徵,33
立式,33
全部,33
全時,33
優越,33
下氣,33
抑制,33
葉子,33
霧燈,33
深具,33
北美,33
衝擊,33
體式,33
習慣,33
畫面,33
容易,33
燈光,33
修正,33
高雅,33
BLUEBIRD,33
價值,33
激烈,33
里程,33
超跑,33
SLK,33
第一代,32
濃郁,32
主力,32
構造,32
成熟,32
DOHC,32
日常,32
這款,32
年底,32
簾,32
6.5,32
如同,32
星,32
GP,32
並能,32
側線,32
車況,32
打造出,32
奔馳,32
攝影,32
陽光,32
FE,32
原裝,32
快感,32
PUSH,32
向上,32
適當,32
力量,32
吸引,32
地力,32
活潑,32
BOSE,32
上揚,32
限速,32
320I,32
ACTIVEHYBRID,32
C180,32
方正,31
PHAETON,31
旅車,31
最具,31
兩個,31
136HP,31
固定,31
構成,31
縮小,31
藍芽,31
行動,31
買家,31
是以,31
客,31
低調,31
19,31
在於,31
向後,31
選用,31
EASY,31
對手,31
限滑,31
齒,31
預警,31
備,31
指示,31
人座,31
超長,31
優質,31
SMART,31
頓挫,31
加速性,31
挑戰,31
摩登,31
躍進,31
車格,31
行進,31
攝影機,31
鋰,31
FX35,31
XTRONIC,31
BODY,31
功率,31
為主,31
DYNAMIC,31
行動電話,31
258,31
X4,31
BLUETEC,31
POLO,30
最小,30
雙重,30
投入,30
每位,30
四速,30
車重,30
NCAP,30
建議,30
這項,30
印象,30
摺,30
共同,30
陡坡,30
難以,30
檯,30
駕車,30
引領,30
血統,30
格,30
搶眼,30
大化,30
姿態,30
幫助,30
邏輯,30
14,30
影響,30
燃燒,30
最多,30
抓,30
ZINGER,30
MITSUBISHI,30
驚艷,30
2.2,30
幾何,30
200,30
窗框,30
HPI,30
3.2,29
ASR,29
2009,29
首款,29
編成,29
定義,29
轎車,29
擴充,29
多變,29
旅,29
經濟部,29
可將,29
側面,29
OFF,29
色調,29
皮椅,29
恣意,29
360,29
即時,29
性格,29
行路,29
活塞,29
戰鬥,29
域,29
ONE,29
出的,29
典範,29
市區,29
特點,29
SAFETY,29
壓縮,29
表情,29
地圖,29
予以,29
M6,29
LUXURY,29
倒,28
角色,28
側邊,28
之譜,28
硬頂,28
片式,28
砲,28
調式,28
多樣,28
肩線,28
列入,28
車上,28
204HP,28
免,28
載貨,28
先前,28
150,28
地形,28
現象,28
塑造,28
本體,28
CL,28
完善,28
段,28
死角,28
湧現,28
免持,28
項,28
數位,28
三缸,28
設置,28
女性,28
寬度,28
盡情,28
安裝,28
高爾夫球,28
更新,28
細緻,28
噴射,28
TRAIL,28
ROGUE,28
晝,28
斜,28
156HP,28
RX350,28
RX450H,28
顏色,28
駕乘,28
M3,28
XLINE,28
AUDIO,28
MUSTANG,28
豪華車,27
登場,27
JETTA,27
再度,27
典雅,27
配,27
隨即,27
5.0,27
而來,27
MM,27
正面,27
排放量,27
大獎,27
一致,27
30.6,27
改為,27
分,27
配上,27
ENTRY,27
氣派,27
良好,27
廢氣,27
拉長,27
有所,27
掌控,27
美國,27
短前,27
冷氣,27
SYSTEM,27
前視,27
認證,27
頂尖,27
長途,27
巧思,27
30MM,27
鋼琴,27
裝配,27
競技,27
自我,27
藍,27
自信,27
耀眼,27
穿梭,27
靈敏度,27
榮獲,27
慧,27
識別,27
MZD,27
對應,27
粗獷,27
245,27
450,27
XDRIVE30D,27
光束,27
I3,27
建構,26
遮陽,26
第二,26
戶外,26
常用,26
×,26
雙環,26
發電機,26
頭枕,26
時代,26
沉穩,26
側,26
觀上,26
增長,26
便捷,26
BI,26
DRIVING,26
MEDIA,26
第三,26
巡航,26
安排,26
帶給,26
經由,26
閱讀,26
外接,26
若將,26
超低,26
轉換,26
4.0,26
ALPHARD,26
更好,26
開關,26
4S,26
AHB,26
緩和,26
區,26
適切,26
無法,26
速自,26
機智,26
GS450H,26
VSA,26
MODERN,26
ST,26
306HP,26
XDRIVE35I,26
硬,26
CONNECTEDDRIVE,26
互聯,26
GLK,26
E200,26
車型則,25
25,25
小覷,25
寬裕,25
可依,25
話題,25
特有,25
蜂巢,25
給人,25
厚實,25
211HP,25
短,25
拜,25
穩重,25
EURO,25
乃是,25
顯影,25
注入,25
地位,25
進階,25
平底,25
上有,25
剎車,25
瀏覽,25
採光,25
燈具,25
諸多,25
車距,25
KEY,25
肌理,25
就手,25
INNOVA,25
流,25
尾,25
判斷,25
類,25
每個,25
靜肅性,25
LDA,25
作動,25
HR,25
其以,25
ROADSTER,25
新大,25
保障,25
精品,25
中華,25
MAZDA2,25
調節,25
60,25
LC,25
RANGER,25
535I,25
流氣,25
一種,24
五速,24
前麥,24
廠,24
105HP,24
年代,24
取代,24
氙氣,24
色彩,24
極速則,24
傑出,24
24,24
八速手,24
選項,24
排,24
修飾,24
精確,24
嚴苛,24
遠近,24
PILOT,24
通風,24
事故,24
2016,24
第一,24
500,24
壓力,24
最強,24
減低,24
滑動,24
侵略性,24
性及,24
250,24
裝飾,24
傳真,24
頂級款,24
室,24
鰭,24
邊框,24
HAC,24
從容,24
柔軟,24
紋飾,24
風險,24
饗宴,24
積極,24
中置,24
SPORTS,24
工程師,24
4500RPM,24
可折式,24
NAVI,24
CONVERTIBLE,24
PROFESSIONAL,24
雙腎形,24
E250,24
前驅,23
存在,23
象徵,23
雙區,23
原木,23
紮實,23
皆是,23
BEETLE,23
同色,23
標誌,23
第六代,23
感覺,23
尤其,23
單元,23
SHARAN,23
設有,23
而當,23
實際,23
堅持,23
令,23
狂野,23
PARK,23
45,23
鉻飾,23
首選,23
MCB,23
變式,23
垂直,23
件,23
更勝,23
材料,23
本質,23
APP,23
頭尾,23
更高,23
之餘,23
取得,23
出新,23
第四代,23
隨心所欲,23
讀取,23
出超,23
放電,23
更動,23
SELECT,23
F1,23
平穩,23
提增,23
過彎,23
能量,23
眾人,23
積,23
BSM,23
極小化,23
合金,23
4.5,23
迴轉,23
前所未有,23
亮度,23
工法,23
基因,23
偏移,23
MAZDA5,23
SCBS,23
摩擦,23
油嘴,23
加倍,23
控制台,23
參考,23
520D,23
335I,23
SDRIVE18I,23
承諾,23
青睞,22
發展,22
扮演,22
背車,22
頭等艙,22
大幅度,22
革新,22
改良,22
麥花臣,22
有力,22
雙增壓,22
車款則,22
賽,22
專為,22
自行,22
休息,22
總成,22
KEYLESS,22
深刻,22
流行,22
締造,22
70,22
接近,22
極限,22
電容,22
突出,22
內斂,22
4.9,22
180,22
設備,22
箭矢,22
統,22
NORMAL,22
形成,22
訊息,22
杯,22
組合,22
墊,22
出眾,22
12.3,22
體現,22
500RPM,22
控台,22
灰色,22
本代車,22
整個,22
國產車,22
遲滯,22
前進,22
鈦,22
每次,22
無線,22
顧客,22
截然不同,22
多點,22
AWD,22
光源,22
雷射,22
HMI,22
SENTRA,22
機構,22
ZOOM,22
距中,22
隨心,22
線性,22
SPINDLE,22
GRILLE,22
PADDLE,22
750LI,22
數,22
M4,22
GL,22
A45,22
五人座,21
領域,21
一身,21
乘座,21
差速,21
敞篷車,21
胎,21
容納,21
款引,21
侷促,21
暢快,21
延展,21
耳目一新,21
集中,21
月,21
EXCLUSIVE,21
充份,21
散熱,21
系,21
把手,21
5.8,21
150HP,21
客層,21
2000,21
受,21
收折,21
前提,21
高原,21
節省,21
六期,21
190HP,21
講究,21
觸感,21
高亮度,21
核心,21
20.4,21
旅行,21
不需,21
多年,21
雙邊,21
奔放,21
氣體,21
4400RPM,21
飾,21
AI,21
預縮式,21
版車型,21
資料,21
主軸,21
構築,21
LX,21
越,21
裡,21
燈眉,21
防撞,21
SAVRIN,21
ESS,21
夜晚,21
揚程,21
直六,21
VALVETRONIC,21
無疑,21
隨興,21
4.3,21
SLS,21
PACK,21
ARTICO,21
A250,21
9G,21
之前,20
高階,20
花臣,20
細部,20
衍生,20
已經,20
HOLD,20
組成,20
獨到,20
簡單,20
演出,20
好評,20
傳達,20
高壓,20
率先,20
座車,20
競爭力,20
降至,20
猶如,20
訊號,20
限制,20
仍能,20
應付,20
頭家,20
245HP,20
回收,20
愛車,20
期待,20
顛覆,20
的的,20
效益,20
專業,20
加,20
MULTI,20
滑軌,20
後尾,20
導流,20
鉻,20
之處,20
貫穿,20
管理系,20
400,20
人士,20
周圍,20
多處,20
監控,20
DISPLAY,20
形,20
5200RPM,20
FXE,20
定速,20
600,20
負載,20
著重,20
高效率,20
狂放,20
乘用,20
成員,20
INFINITI,20
突破,20
倍,20
MAP,20
儲存,20
Ⅲ,20
MZR,20
魂動,20
傾角,20
冷卻,20
機制,20
兩組,20
4.8,20
雙手,20
LIMITED,20
5000RPM,20
頸部,20
插槽,20
ECOSPORT,20
雙可變,20
650I,20
1750,20
秒間,20
比重,20
XDRIVE25D,20
車側導,20
8.8,20
SL63,20
C200,20
尾廂,19
油價,19
CARAVELLE,19
TIPTRONIC,19
年登,19
ALCANTARA,19
雨刷,19
車廂,19
EPB,19
開篷,19
之姿,19
本代,19
功能性,19
過的,19
頂線,19
年度,19
擋,19
兩具,19
顯得,19
榨出,19
24.5,19
最為,19
P,19
幅度,19
踩下,19
汽,19
監測,19
輕巧,19
多連桿,19
感知器,19
足以,19
晶片,19
此車,19
快意,19
光影,19
車載,19
SPORTSVAN,19
乘車,19
有助,19
錯認,19
雙座,19
浮式,19
囊括,19
不必要,19
發光,19
隔板,19
算是,19
COROLLA,19
兩道,19
J,19
面臨,19
四速手,19
蓄勢待發,19
PRADO,19
CITY,19
NVH,19
捲,19
歐規,19
IW,19
防,19
則將,19
光燈,19
來車,19
凌駕,19
硬碟,19
照射,19
JUKE,19
尾部,19
SD,19
網路,19
撥桿,19
IQ,19
21.4,19
升起,19
5.7,19
VDIM,19
7.4,19
ADAPTIVE,19
元件,19
撥鍵,19
5.4,19
能視,19
SDRIVE20I,19
點出,19
PERFORMANCE,19
並會,19
近年,18
現今,18
已有,18
買家們,18
凸顯,18
圓潤,18
當時,18
公分,18
承載,18
擴大,18
小時,18
而成,18
銜接,18
逼近,18
入,18
相比,18
身,18
情形,18
並有,18
平坦,18
載重,18
享樂,18
充足,18
AMAROK,18
掀起,18
反置式,18
七具,18
XDS,18
體,18
不俗,18
活動,18
襯托,18
一次,18
引導,18
弧線,18
有型,18
與車,18
15MM,18
層峰,18
上分,18
稅金,18
人為,18
HUD,18
視角,18
類金屬,18
2.7,18
細微,18
百萬,18
薄型,18
型則,18
LAND,18
CRUISER,18
宛如,18
視聽,18
活力,18
立即,18
護板,18
適時,18
耗損,18
要求,18
階段,18
器,18
人車,18
干擾,18
樣貌,18
濕滑,18
語音,18
增進,18
350Z,18
19.2,18
降噪,18
危險,18
越級,18
隨時隨地,18
隨之,18
隨傳,18
隨到,18
純電,18
面向,18
圖示,18
遠光,18
旅途,18
LFA,18
38.7,18
牽引,18
ACE,18
IMA,18
圓弧,18
EARTH,18
DREAMS,18
織布,18
崎嶇,18
手寫,18
COMPETITION,18
CLS63,18
E220,18
MCT,18
SL500,18
G63,18
GLE350D,18
GLC,18
86,18
國人,17
條件,17
調性,17
高檔,17
大燈,17
與雙,17
潮流,17
便是,17
一定,17
武裝,17
並導入,17
售價,17
廣,17
160,17
安全部,17
份,17
渴望,17
其全,17
現身,17
內直,17
收,17
達卡,17
手指,17
取向,17
全面性,17
發現,17
駛,17
引人注目,17
000,17
受惠,17
INDIVIDUAL,17
饒富,17
可調,17
面積,17
附加,17
動,17
000RPM,17
腳踏,17
演繹,17
能不,17
109HP,17
GOA,17
ALL,17
超,17
6200RPM,17
IPOD,17
記錄,17
系並,17
序列,17
廂內,17
預先,17
PRE,17
LSD,17
劇院,17
基調,17
感及,17
電話,17
氣質,17
到達,17
一指,17
導光條,17
窗玻璃,17
塗裝,17
車位,17
27.5,17
IS250,17
SPDS,17
身上,17
壓電式噴,17
740LI,17
4.7,17
530D,17
S500,17
深獲,16
拖曳,16
4MOTION,16
32.6,16
200HP,16
雨滴,16
FSI,16
車迷,16
決定,16
陣營,16
得心應手,16
段式,16
上則,16
3.6,16
170,16
滿載,16
打開,16
頭,16
鬆開,16
得到,16
法規,16
注意力,16
心力,16
更高達,16
本車系,16
業界,16
水平線,16
後軸,16
移至,16
心臟,16
傳送,16
完備,16
扁,16
最受,16
放倒,16
交通,16
COMFORTLINE,16
人化,16
傾斜,16
專注,16
阻力,16
乘載,16
麂皮,16
無比,16
11,16
齊全,16
傾斜角,16
不小,16
地板,16
人工智慧,16
手感,16
RS,16
購車,16
不言而喻,16
直逼,16
加寬,16
致力,16
UP,16
風采,16
運算,16
眾多,16
樣,16
冠軍,16
絲毫,16
中心,16
制,16
打破,16
全景,16
確實,16
激情,16
半徑,16
RV,16
損耗,16
準備,16
抑震,16
前車,16
賽事,16
五速手,16
ASX,16
KARAKURI,16
適應,16
155HP,16
鈕,16
®,16
肩部,16
導致,16
MARK,16
LEVINSON,16
VGRS,16
總,16
匹配,16
125,16
降到,16
9.1,16
更臻,16
320,16
71.4,16
S63,16
E350,16
C220,16
E63,16
輻,16
附上,16
GARMIN,16
102HP,15
朝向,15
正,15
大大增加,15
現階段,15
分隔,15
二氧化碳,15
進軍,15
其內,15
價格,15
2006,15
轎式,15
家人,15
9.2,15
看出,15
多出,15
恆時,15
風味,15
條及,15
位,15
四款,15
122HP,15
尚,15
傾,15
三角,15
泵浦,15
驚豔,15
背光,15
帶領,15
梯形,15
四幅,15
相互,15
車工,15
隆起,15
左,15
HIGHLINE,15
小排量,15
碳,15
駕控,15
防止,15
軸車型,15
旋轉,15
負擔,15
機,15
外在,15
不鏽鋼,15
鈑件,15
對比,15
前行,15
易,15
20MM,15
匠心獨具,15
佔,15
車外,15
而生,15
熱能,15
問題,15
氣流,15
曲面,15
排列,15
0.28,15
隱,15
藏式,15
可行,15
下坡,15
脫困,15
未,15
廠徽,15
13,15
優點,15
減震,15
出發點,15
326,15
極光,15
PCS,15
華麗,15
擴,15
馳騁,15
6SRS,15
震撼,15
液壓,15
淋漓盡致,15
環場,15
經驗,15
下都,15
準確,15
合一,15
雕塑,15
公尺,15
指標,15
以下,15
負荷,15
吸引力,15
新年,15
愉悅,15
RVM,15
展開,15
全中文,15
哲學,15
LS460,15
GS350,15
EMV,15
結晶,15
6.3,15
思想,15
KINETIC,15
駛出,15
便會,15
無須,15
TOURNEO,15
CUSTOM,15
VANOS,15
69.3,15
款空力,15
DAKOTA,15
M135I,15
10.25,15
直效,15
A180,15
CLA45,15
雙柵式,15
箱型車,14
T5,14
用途,14
2004,14
陣容,14
車名,14
要素,14
諸如,14
四座,14
匯集,14
2000RPM,14
減震筒,14
今年,14
雙出,14
僅在,14
四個,14
白色,14
一氣呵成,14
歷代,14
為人,14
類似,14
之賜,14
第七代,14
行李架,14
省,14
首部,14
腰,14
禮遇,14
防夾,14
56.1,14
多元化,14
成本,14
成型,14
天候,14
140,14
務實,14
意念,14
車型並,14
稜線,14
深受,14
塑造出,14
側向,14
連成一氣,14
22,14
意識,14
之多,14
姿勢,14
體貼,14
更大,14
量身,14
家族化,14
副,14
不適,14
轉,14
開車,14
現代,14
加熱,14
曲軸,14
升降,14
接頭,14
嬌小,14
可能性,14
雙凸,14
50MM,14
功力,14
預防,14
OF,14
16V,14
佳,14
流露,14
美觀,14
換裝,14
升車,14
質,14
17.7,14
零件,14
標章,14
車縫線,14
專,14
不平,14
熱情,14
非凡,14
重新配置,14
照鏡,14
能以,14
源源不絕,14
失控,14
標竿,14
總計,14
光條,14
CVTC,14
VDC,14
ELEGANCE,14
上手,14
知名,14
緻,14
7.3,14
2700MM,14
雙側,14
前置,14
Ⅱ,14
157HP,14
直線,14
更少,14
依循,14
II,14
助力,14
指令,14
畫龍點睛,14
放入,14
獨創,14
離開,14
165HP,14
SKY,14
272HP,14
ES350,14
管理,14
黑鋁圈,14
往後,14
系均,14
能感,14
靈魂,14
失壓續,14
葉片,14
TIVCT,14
VCT,14
雙腎型,14
M5,14
圓頭,14
無與倫比,14
矩形,14
640I,14
7.6,14
136,14
低平,14
廂蓋,14
香氛,14
430I,14
ML350,14
S400,14
CGI,14
BLUEDIRECT,14
動人,14
240KM,14
四具,14
單片,14
歐系,13
仍是,13
晶,13
一流,13
來的,13
80,13
兩大,13
耐用,13
有極,13
SOHC,13
迎合,13
防鎖死煞車系統,13
R36,13
熟悉,13
心,13
略有,13
露營,13
排入,13
開,13
轉動,13
顯現,13
警告,13
尊崇,13
噴射引擎,13
牌照,13
痕,13
為長,13
噴及,13
樂活,13
市面上,13
掀式,13
較前,13
HILL,13
物件,13
改採,13
年初,13
煥然一新,13
國際,13
通話,13
超速,13
後盾,13
滑,13
防盜,13
美景,13
狀,13
駐車,13
造,13
筆直,13
鏡射,13
觀看,13
減重,13
刻劃,13
帶出,13
三區,13
超強,13
區間,13
T6,13
而有,13
發出,13
內裝則,13
儲物,13
旅車款,13
聲控,13
緩降,13
BEACH,13
放鬆,13
搶攻,13
平面,13
19.3,13
喇叭,13
安全感,13
最重,13
18.2,13
迎賓,13
油箱,13
椅面,13
刺激,13
HI,13
還導入,13
ACIS,13
施以,13
KEEN,13
LOOK,13
鑑賞,13
程式,13
綠,13
字型,13
SEMI,13
ANILINE,13
異常,13
體積,13
按下,13
均衡,13
GRAND,13
七人,13
簡便,13
在任,13
NHTSA,13
趨勢,13
分散,13
HP,13
紓,13
壓,13
SHIELD,13
CON,13
大大提高,13
ASC,13
換算,13
RISE,13
143HP,13
閃爍,13
反差,13
身份,13
還能,13
誕生,13
277HP,13
筒式,13
襯套,13
光芒,13
過彎時,13
風切,13
加力,13
EV,13
學習,13
眩光,13
NX,13
片,13
鍛造,13
四出,13
路線,13
觀賞,13
平行,13
路邊,13
1400,13
功效,13
61.2,13
V12,13
320D,13
XDRIVE50I,13
57.1,13
犀利,13
318D,13
135I,13
渾身,13
URBAN,13
表露,13
1600,13
廣闊,13
本性,13
直徑,13
210KM,13
SAFE,13
SL350,13
M157,13
三輻式,13
三芒星,13
E400,13
1991C,13
鑽,12
組裝,12
15.0,12
當今,12
一同,12
由前,12
之際,12
問世,12
成人,12
正統,12
EDL,12
小的,12
上述,12
300HP,12
日常生活,12
810MM,12
稱道,12
減碳,12
亮相,12
160HP,12
第五代,12
簡化,12
之列,12
34.7,12
統一,12
電動車,12
一點,12
回復,12
即會,12
五期,12
圖像,12
40.82,12
需時,12
一眼,12
裝備,12
六個,12
風,12
跳脫,12
8.5,12
莫大,12
負重,12
及長,12
擴輪,12
前移,12
提到,12
一道,12
暗,12
廣播,12
殊榮,12
15.6,12
王牌,12
征服,12
手把,12
配對,12
上進,12
停止,12
前軸,12
一部,12
調配,12
汽柴油,12
既有,12
大小,12
APPLE,12
音,12
六具,12
成長,12
台,12
顯示器,12
妥協,12
ACC,12
直達,12
當前,12
附有,12
還可以,12
備胎,12
升兩種,12
大方,12
3800RPM,12
一面,12
PCU,12
取消,12
5600RPM,12
側身,12
組及,12
撼動,12
央,12
TERRAIN,12
OTTOMAN,12
6400RPM,12
找到,12
以內,12
底部,12
手法,12
不受,12
方案,12
19.4,12
阻抗,12
時將,12
類鈦,12
及前,12
超級,12
成形,12
鯊魚,12
妝點,12
與眾不同,12
超乎想像,12
聆聽,12
透氣,12
靈巧,12
展露,12
梯型,12
厚度,12
廣角,12
注意,12
靜謐,12
U,12
入座,12
高畫質,12
緞面,12
路感,12
5800RPM,12
顧及,12
4800RPM,12
合作,12
6.6,12
接替,12
車及,12
地表,12
ZONE,12
HDD,12
MARCH,12
集,12
排污,12
白天,12
置身,12
HDC,12
物體,12
出動,12
FTP,12
紀錄,12
單體,12
GRUNDER,12
內置,12
火星塞,12
變更,12
此具,12
ACTIVEMATIC,12
共計,12
身體,12
彷彿,12
42.8,12
ACTIVSENSE,12
方位,12
坐進,12
指針,12
不失,12
緩緩,12
彎,12
聲,12
下壓力,12
洗練,12
35.3,12
350,12
這輛,12
標線,12
NX300H,12
網格,12
置物架,12
菁英,12
燈護罩,12
柏林,12
SHAPED,12
IS200T,12
碟,12
漆,12
最先,12
LEGEND,12
全員,12
透明,12
壓電式,12
17.3,12
在雙,12
集成,12
繳出,12
口味,12
740I,12
120D,12
SDRIVE20D,12
528I,12
7.9,12
之內,12
XDRIVE20I,12
66.3,12
328I,12
6.1,12
協調,12
10MM,12
時前,12
附近,12
力至,12
增至,12
之新,12
英文,12
優美,12
M235I,12
I8,12
252,12
過人,12
440I,12
B200,12
翻滾,12
防風,12
2143C,12
路人,12
V250D,12
GLC250,12
剛硬,11
台北,11
強韌,11
物,11
引起,11
一段,11
各地,11
老大哥,11
市,11
四連桿,11
DCC,11
這次,11
色,11
並與,11
雙肋,11
8.6,11
相似,11
精悍,11
有別,11
寫意,11
亦將,11
好,11
近期,11
LSUV,11
歐風,11
路段,11
停,11
一向,11
市售,11
集團,11
105,11
17.9,11
簡易,11
環,11
333HP,11
樣式,11
REAR,11
跟隨,11
設計師,11
300,11
一股,11
163HP,11
1500RPM,11
將新,11
偏向,11
10.2,11
8.4,11
家的,11
至後輪,11
相信,11
注目,11
兼容並蓄,11
公,11
HL,11
六人座,11
目標,11
引以為傲,11
純種,11
開創,11
及早,11
合而為,11
輝映,11
反射,11
右,11
內容,11
按摩,11
爬坡,11
證明,11
融,11
兒童,11
PREMIUM,11
箱換,11
開放,11
THE,11
下護板,11
附換,11
7.7,11
少見,11
惡劣,11
年輕化,11
沿用,11
雙置,11
廂式,11
2ZR,11
這部車,11
城市,11
耐,11
髒,11
3600RPM,11
上緣,11
靜音,11
視,11
及時,11
41MM,11
置物盒,11
差,11
原理,11
三重,11
反光,11
雅緻,11
點亮,11
敏銳,11
侵略,11
右側,11
人性,11
TOBE,11
腳,11
值得,11
14.0,11
承受,11
CROSSOVER,11
性感,11
一目了然,11
AVM,11
配用,11
分子,11
開拓,11
競速,11
音質,11
吸收,11
載,11
SHAPE,11
深度,11
III,11
20.9,11
技,11
以時,11
出車,11
PHEV,11
身分,11
入眼,11
平時,11
效應,11
確立,11
KODO,11
手寫輸入,11
LDWS,11
制震,11
加厚,11
看到,11
次,11
WAGON,11
韻味,11
09,11
流動,11
說明,11
導流板,11
5.9,11
精選,11
置入,11
感官,11
冷卻器,11
風量,11
手動,11
FULL,11
微幅,11
肋式,11
外貌,11
鋼骨,11
APEX,11
接軌,11
DURATEC,11
表徵,11
穩定度,11
TI,11
提前,11
匹敵,11
忠實,11
可視,11
出高達,11
SAV,11
340,11
XDRIVE28I,11
560,11
6.7,11
XDRIVEM50D,11
每趟,11
420I,11
431,11
分層式,11
升四缸,11
啓,11
231HP,11
525HP,11
鉻出,11
3000RPM,11
BURMESTER,11
眼前,11
63,11
DINAMICA,11
代表性,10
用性,10
堅實,10
結實,10
上都,10
90,10
繼,10
5300RPM,10
注重,10
尖端科技,10
黑頭,10
陌生,10
企圖,10
全家,10
游刃有餘,10
能及,10
貨物,10
四可變,10
更上一層樓,10
接送,10
日內瓦,10
腳步,10
265,10
足足,10
以方,10
橫柵式,10
款上,10
古典,10
搖身一變,10
贏得,10
軸版,10
載運,10
13.7,10
拆除,10
則能,10
弧型,10
改成,10
共用,10
原先,10
上三,10
革命性,10
考驗,10
能耐,10
佐以,10
肋,10
MODULARER,10
獲取,10
調設,10
17.8,10
下移,10
協會,10
原生,10
有效率,10
CARBON,10
極低,10
何種,10
流露出,10
擺放,10
催化,10
照片,10
BLUE,10
ANDROID,10
網站,10
廣受好評,10
側傾,10
努力,10
以高,10
無需,10
手套,10
消耗,10
應,10
內在,10
專利,10
枕,10
無遺,10
點火,10
百公里,10
爭取,10
對比色,10
平板,10
作,10
雙腰線,10
部件,10
6.4,10
搭,10
坐姿,10
一位,10
稅制,10
窗下,10
緣,10
椅墊,10
做出,10
充裕,10
雙層,10
講求,10
戰略,10
升三種,10
目的,10
改,10
離子,10
幅式,10
SOUND,10
美規,10
生產,10
輸入,10
是否,10
1CD,10
紋路,10
用品,10
共鳴,10
2AR,10
吸睛,10
加粗,10
同一,10
JBL,10
框架,10
擁擠,10
燈飾,10
兩旁,10
晶亮,10
網狀,10
防線,10
汽門,10
建立,10
字,10
LOUNGE,10
交錯,10
解除,10
在日,10
巷弄,10
重物,10
長程,10
三大,10
下車,10
化外,10
強健,10
修改,10
控制力,10
八人,10
編排,10
優渥,10
靜,10
一起,10
IIHS,10
箱則,10
花,10
礡,10
油氣,10
造車,10
納入,10
大型化,10
5.3,10
內裝以,10
原來,10
藝,10
因子,10
時能,10
來得,10
DI,10
鑽帶,10
調,10
日系,10
新科,10
執行,10
撥,10
功不可沒,10
轉彎,10
RCTA,10
充斥,10
尊爵型,10
15KGM,10
151HP,10
23.3,10
卡,10
合宜,10
車後,10
數字,10
表面,10
突發,10
往前,10
渾厚,10
支,10
手工,10
FINESS,10
LS600HL,10
FINESSE,10
367HP,10
TORSEN,10
富有,10
驅,10
新型,10
象牙白,10
楔型,10
67,10
行星,10
LF,10
30KM,10
分流器,10
紐,10
水冷式,10
首見,10
遮蔽,10
道上,10
沸騰,10
重,10
34.6,10
穩健,10
EBL,10
力求,10
前端,10
CABRIOLET,10
聚焦,10
純正,10
策略,10
疲累,10
SELECTSHIFT,10
相,10
廣泛,10
TURISMO,10
快捷,10
ACCESS,10
DTC,10
常販,10
730D,10
錯辨,10
速度感,10
N55,10
悠遊,10
520I,10
滑行,10
時即,10
5.1,10
51.0,10
相連,10
HOFMEISTER,10
KINK,10
換檔齒,10
比能,10
4.1,10
下將,10
氣度,10
510HP,10
移除,10
63.2,10
BITURBO,10
化儀,10
三階,10
SIENNA,10
XLE,10
如出一轍,9
高漲,9
精神奕奕,9
1.9,9
邁進,9
五代,9
悍將,9
項主,9
加分,9
穩固,9
後者則,9
正是,9
25.51,9
都市,9
重返,9
體的,9
再接再厲,9
僅為,9
主打,9
煞,9
帳篷,9
小幅,9
即以,9
多餘,9
予人,9
石英,9
長足,9
稍,9
CLASSIC,9
溫馨,9
一層,9
3000,9
外張,9
部,9
四分,9
卻是,9
舊款,9
讚不絕口,9
塊,9
側窗,9
臀,9
外顯,9
買,9
嚴重,9
宣示,9
貼近,9
數值,9
DNA,9
大件,9
身手,9
偏好,9
摺疊,9
臥,9
感知,9
握感,9
脊椎,9
附記,9
憶,9
冷熱,9
時刻,9
KG,9
紅點,9
折,9
信心,9
輕量,9
47,9
備有,9
CARPLAY,9
操作手,9
滾動,9
綠能,9
安靜,9
AFS,9
LOGO,9
紋,9
檻,9
手勢,9
凌厲,9
FREESTYLE,9
夥伴,9
音效,9
揚起,9
14.4,9
科技化,9
色系,9
米色,9
中小型,9
伸展,9
2950MM,9
1750MM,9
前中,9
始終,9
版及,9
146HP,9
19.1,9
ECU,9
燈號,9
抗,9
過濾,9
實惠,9
148HP,9
框飾條,9
拋光,9
55MM,9
與生俱來,9
外側,9
並讓,9
李廂,9
以降,9
全黑,9
2SRS,9
內涵,9
9.8,9
炫,9
鷹眼,9
強力,9
板搭,9
眼神,9
控制面板,9
可收,9
2GR,9
車種,9
油,9
直立式,9
來臨,9
獨樹一格,9
SERENA,9
2001,9
短捷,9
最新款,9
背款,9
AWDI,9
望塵莫及,9
消費,9
潰縮,9
開起,9
光圈,9
相容,9
自主,9
泡棉,9
時時,9
舊型,9
吸音,9
銀飾條,9
27,9
馭,9
次世代,9
PICK,9
名號,9
AWC,9
全輪,9
TCL,9
3.8,9
拉,9
積鍍,9
新造型,9
冷冽,9
3.7,9
肌力,9
幾分,9
106HP,9
167HP,9
IPHONE,9
輕盈,9
帶有,9
眼簾,9
拆卸,9
化成,9
非僅,9
篷,9
0.26,9
80MM,9
緊,9
加工,9
前霧,9
盡顯,9
25.7,9
獨步,9
御匠,9
天,9
300H,9
至車,9
將會,9
岐管,9
CFRP,9
不減,9
車手,9
印,9
21,9
及車,9
坐,9
車窗,9
怠速時,9
從裡,9
內蘊,9
極高,9
側方,9
叢集,9
實踐,9
全車型,9
車燈,9
DURATORQ,9
PIEZO,9
4200RPM,9
可取,9
迷,9
BLIS,9
側風,9
防滾,9
硬漢,9
ENHANCED,9
縮放,9
將車,9
SAC,9
夾角,9
型八缸,9
涵蓋,9
120I,9
XDRIVE20D,9
最長,9
間隔,9
將前,9
抬高,9
輻式,9
七段,9
寬體,9
輪距,9
不惶多,9
1250,9
大成,9
嵌入,9
850,9
220I,9
控制元件,9
圓形,9
ML63,9
E300,9
門上的,9
重低音,9
放出,9
37.7,9
GL350,9
正確,9
方矩,9
尾燈則,9
格調,9
面容,9
下擾,9
他用,9
557HP,9
埠,9
上世,9
九速,9
INTELLIGENT,9
SLC,9
381HP,9
NSX,9
第五,8
依序,8
四人座,8
場的,8
腰靠,8
當家,8
SEC,8
與國,8
足,8
6.9,8
討論,8
刻,8
將以,8
第五期,8
28.6,8
更上層樓,8
分明,8
平實,8
顯著,8
五缸,8
兄弟,8
參加,8
耐久,8
誘人,8
TREND,8
8.1,8
可謂,8
VIENNA,8
客戶,8
隱密,8
6500RPM,8
修,8
依車型,8
齊備,8
1510,8
分級,8
命名,8
改進,8
嚴格,8
認可,8
越過,8
23,8
CAR,8
MIB,8
荷包,8
化等,8
DETECTION,8
TL,8
其極速,8
代名詞,8
VAN,8
原始,8
13.8,8
側滑,8
新穎,8
屏,8
山道,8
屬性,8
版則,8
防鎖,8
死,8
折痕,8
剛毅,8
走向,8
應用程式,8
2MM,8
低排,8
帶動,8
RPM,8
接合,8
SELECTION,8
統計,8
所在,8
壓迫感,8
兼融,8
平,8
離地,8
第一印象,8
了解,8
熱,8
高速公路,8
更立,8
支架,8
多區,8
全能,8
一大,8
彈指,8
廣受,8
高標準,8
車前,8
增配,8
GMBH,8
灰,8
內飾板,8
選單,8
框,8
出發,8
條式,8
圓滑,8
增大,8
日系車,8
去,8
MINIVAN,8
場,8
10.4,8
順利,8
2002,8
鷹,8
形狀,8
以其,8
附中,8
貴賓,8
600RPM,8
雙雙,8
綠色,8
界,8
其車,8
18.5,8
翻折,8
湛藍,8
亮起,8
期望,8
以使,8
力作,8
繽紛,8
橡膠,8
時並,8
的類,8
無數,8
紅,8
以低,8
髮絲,8
隔音板,8
最好,8
隔熱,8
改用,8
15.1,8
色澤,8
殿堂,8
電車,8
嚴密,8
SIENTA,8
輪間,8
焊接,8
LOCK,8
126HP,8
QUEST,8
以前,8
關係,8
RENAULT,8
歐式,8
13.2,8
優秀,8
邁入,8
底特律,8
VQ37VHR,8
圖資,8
指引,8
摩擦力,8
引爆,8
跨,8
內嵌,8
其並,8
附六速,8
閃避,8
38,8
越野車,8
16.4,8
新車色,8
前瞻,8
弧度,8
超體,8
ENGINE,8
法蘭克福,8
光線,8
軸承,8
幸福,8
連霸,8
ASTC,8
門飾板,8
讓座,8
綴飾,8
14.9,8
1798C,8
BOSS,8
活度,8
則讓,8
握,8
燃料,8
強而,8
回充,8
盲區,8
尚未,8
18.8,8
三者,8
分心,8
圈數,8
不顯,8
3G,8
拉簾,8
一秒,8
無鉛汽油,8
HLA,8
175HP,8
天線,8
更換,8
閥門,8
行駕,8
轉移,8
很大,8
胎圈,8
215,8
訴說,8
體態,8
驅策,8
VECTORING,8
每秒,8
51KGM,8
LS600H,8
升等,8
扁平,8
硬朗,8
遊戲,8
RX270,8
精細,8
L4,8
HV,8
LDH,8
DRS,8
輪轉,8
OTTO,8
輪速,8
急,8
ES300H,8
近光燈,8
搖臂,8
控制器,8
CT,8
黑霧,8
密度,8
TVD,8
悅耳,8
200T,8
CROSS,8
7.5,8
轉換器,8
120HP,8
九代,8
ECON,8
換擋,8
監視,8
貫徹,8
8MM,8
亮點,8
燈泡,8
MAX,8
深深,8
已是,8
不難,8
硼鋼,8
停車位,8
增強,8
挹注,8
並標配,8
獻上,8
公司,8
分為,8
反饋,8
將本,8
而其,8
看似,8
駛離,8
難忘,8
音量,8
初代車,8
刷面,8
5.2,8
330I,8
265HP,8
555HP,8
考究,8
SERIS,8
SEIES,8
駛約,8
258HP,8
118I,8
倒放,8
木飾板,8
1300,8
轉速錶,8
1250RPM,8
1200RPM,8
55,8
風情,8
218,8
能將,8
斷地,8
大氣,8
更改,8
待人,8
看去,8
435I,8
將人,8
版為,8
流利,8
575,8
MDM,8
倒勾,8
永續,8
光彩奪目,8
SLK350,8
CLS350,8
SPLITVIEW,8
視窗,8
C300,8
457HP,8
暖氣,8
5461C,8
規章,8
封面,8
人選,8
擇,8
AIRMATIC,8
3200,8
意象,8
2987C,8
五輻雙,8
有了,8
MFA,8
A座,8
A200,8
環景式,8
5250,8
單柵式,8
輔佐,8
三道,8
1595C,8
VITO,8
ISC,8
聞名於世,7
T1,7
一甲子,7
已將,7
升及,7
32.1,7
產品線,7
陸續,7
延長,7
6.0,7
VENTO,7
意義,7
R32,7
明確,7
上當,7
該廠,7
當地,7
中正,7
葉,7
至今,7
由此,7
討喜,7
CUV,7
曾,7
熱烈,7
終於,7
代表作,7
六速雙,7
予,7
中間,7
拿下,7
獎,7
LANE,7
另有,7
量產,7
打平,7
首演,7
廠方,7
宣稱,7
FUN,7
驚喜,7
感到,7
的當,7
塞車,7
太大,7
240,7
2578MM,7
歡樂,7
領導,7
多功,7
全家人,7
裝卸,7
妥善,7
204,7
5250RPM,7
總合,7
多角,7
操刀,7
510,7
4200,7
概念車,7
應該,7
主導,7
223KM,7
43MM,7
照後鏡,7
則與,7
能為,7
則由,7
10KM,7
IF,7
創意,7
而立,7
大自然,7
美好,7
桌,7
休憩,7
添增,7
人員,7
藝與,7
凹,7
德制,7
連貫,7
79MM,7
33MM,7
健康,7
凸,7
一環,7
向下,7
高頂,7
合,7
COMPOSITION,7
身型,7
冷房,7
再添,7
最適化,7
連動,7
乘空,7
8.2,7
繼續,7
頂部,7
兼容,7
最頂級,7
滾邊,7
配件,7
裙,7
DISCOVER,7
願景,7
16.2,7
38.8,7
軸的,7
燈及,7
想像,7
一台,7
化身,7
兩張,7
腰部,7
防眩,7
強勢,7
都會區,7
騰出,7
靠攏,7
舊款車,7
輛,7
霸主,7
3ZR,7
中低,7
權,7
開闔,7
廂置物,7
前雙,7
空間感,7
熾焰橘,7
4AT,7
18.9,7
藉,7
袋,7
TORQUE,7
率,7
絕美,7
及主,7
素材,7
機柱,7
變齒,7
形塑,7
搜尋,7
黑白,7
風尚,7
增設,7
欣賞,7
認知,7
款待,7
100MM,7
路上,7
花臣式,7
勢必,7
BEAM,7
7SRS,7
197HP,7
隨行,7
保養,7
懸浮,7
挑選,7
棕,7
清單,7
VQ,7
QR25,7
中則,7
潮,7
儼然,7
132HP,7
適中,7
240Z,7
上高,7
33,7
計算,7
歷經,7
無怪,7
GOOGLE,7
救援,7
核子,7
潛艇,7
980MPA,7
冷光,7
六顆,7
扭曲,7
全域,7
箭,7
種種,7
DIG,7
繼承,7
三層,7
靠近,7
廣度,7
魚眼,7
專用,7
念,7
5D,7
其外,7
行家,7
15.7,7
低噪音,7
WARNING,7
迴,7
冷暖,7
32,7
13.0,7
PANASONIC,7
必要,7
162HP,7
ROCKFORD,7
改造,7
入主,7
大刀闊斧,7
沈穩,7
賺,7
呵護,7
轄,7
CHL,7
護送,7
責任,7
抗拒,7
少,7
隱藏,7
大區,7
閃耀,7
精彩,7
嚮往,7
遼闊,7
奠定,7
沿途,7
微笑,7
裝運,7
串流,7
人馬,7
微調,7
三點式,7
並進,7
0.4,7
支臂,7
GPS,7
缺憾,7
坐在,7
發動,7
從前,7
優化過,7
掠,7
金屬光澤,7
飛翼式,7
折射,7
藝術,7
頻率,7
安定,7
趨向,7
有利,7
∼,7
眼式,7
徽飾,7
伸手,7
萬元,7
317HP,7
SHIMAMOKU,7
製成,7
速限,7
螺旋,7
223,7
大系,7
8.0,7
鏡,7
驗,7
銑,7
80KM,7
左方,7
477.3,7
羽翼,7
精湛,7
數量,7
DRCC,7
367,7
自動控制,7
此時,7
橘色,7
附前,7
損,7
家族式,7
參數,7
靈感,7
SE,7
INSIGHT,7
指導,7
深淺,7
柄,7
美規值,7
EC,7
壓倒性,7
AT,7
速檔位,7
先端,7
ISOFIX,7
匯,7
向盤,7
IVCT,7
HE,7
享用,7
自如,7
史上,7
機油,7
電傳,7
九人座,7
角,7
POWER,7
扭矩,7
便捷性,7
穩,7
來電,7
系上,7
可變式,7
730I,7
顯出,7
530I,7
網,7
XDRIVE40D,7
殺氣,7
使車室,7
出氣,7
兩噸,7
落差,7
箱之故,7
以純,7
35KM,7
4KM,7
60KM,7
CO2,7
相輔相成,7
2750,7
156,7
若想,7
旁的,7
精采,7
將被,7
下降,7
鋁,7
495,7
層疊式,7
拿取,7
如欲,7
以三個,7
381,7
沉醉在,7
下壓,7
的後軸,7
190,7
繁簡體,7
進間,7
428I,7
夙負盛名,7
面飾,7
750,7
SIM卡,7
自訂,7
EU6,7
M240I,7
SLK55,7
電影,7
64.2,7
CLK,7
CL500,7
C200K,7
AGILITY,7
B180,7
GLK300,7
GLK220,7
尾門列,7
或尾,7
進車型,7
變色,7
溫暖,7
S350,7
近遠光,7
4ETS,7
3400RPM,7
雙橫柵式,7
調適,7
遠燈,7
73.4,7
48.9,7
筒型,7
十字形,7
各自獨立,7
WMA,7
AAC,7
360HP,7
2250,7
THERMOTRONIC,7
吹送,7
搞定,7
或過,7
車者,7
傾瀉,7
GO,7
LUX,7
臂式,6
這也,6
許久,6
早在,6
GLI,6
28.5,6
本色,6
並列,6
大展,6
陸上,6
3500RPM,6
V10,6
170CM,6
處置,6
一應俱全,6
當代,6
引發,6
這部,6
這款車,6
親和力,6
國外,6
復,6
強有力,6
接單,6
表示,6
原因,6
發想,6
排廢,6
作品,6
通勤,6
35.6,6
看齊,6
看起,6
則依,6
一員,6
10.5,6
神韻,6
半自動,6
鐘,6
油缸,6
聲響,6
話,6
離式,6
一些,6
各方,6
16.8,6
短軸,6
環型,6
升坡,6
傾覆,6
停好,6
太古,6
標達,6
滿意,6
莫過,6
瞭解,6
一份,6
還將,6
0.6,6
免除,6
HIGH,6
囊,6
177HP,6
型車,6
私密,6
透露,6
享譽,6
橫柵鍍,6
環車,6
尾燈則採,6
將頭,6
出續,6
勢待發,6
不謀而合,6
易讀,6
隻,6
THINK,6
TRAINER,6
MIRRORLINKTM,6
前世,6
聯盟,6
組織,6
ERGOCOMFORT,6
台導入,6
亟需,6
130,6
局一級,6
行全,6
85,6
PROFILE,6
自選,6
等主,6
重大,6
因事,6
失去,6
MULTICOLLISION,6
過小,6
積車,6
程,6
STEERING,6
200MM,6
整式,6
上代,6
略低,6
13MM,6
排座,6
五星,6
橫柵,6
佼佼者,6
間斷,6
將帶,6
110,6
隨處,6
適度,6
飲料,6
解決,6
22.4,6
同場,6
0.31,6
延遲,6
明快,6
註,6
控,6
慣性,6
友善,6
廣域,6
共享,6
一目瞭然,6
地區,6
供應,6
不含糊,6
15CM,6
228,6
302,6
倒平,6
693,6
清爽,6
人氣,6
上前,6
以雙,6
配色,6
改以,6
空氣阻力,6
點,6
眼,6
對稱,6
下緣,6
弧,6
廂防,6
夾尾門,6
管及,6
表,6
四期,6
指向,6
材,6
TONE,6
車行,6
ATC,6
及過,6
彎時,6
DAC,6
550MM,6
性外,6
上移,6
軟質,6
塑料,6
載物,6
700MM,6
跑格化,6
行,6
90MM,6
放心,6
折角,6
關心,6
25.0,6
堅強,6
採高,6
頂端,6
拉出,6
之美,6
VIP,6
出日系,6
下滑,6
0.24,6
狹小,6
聽,6
超凡,6
這台,6
第一眼,6
製造,6
列,6
桿式,6
歐系車,6
享,6
更趨,6
室內設計,6
五段,6
CVTCS,6
240HP,6
對外,6
這三大,6
角頭,6
防刮,6
15.3,6
整出,6
對象,6
570MPA,6
鍍膜,6
328HP,6
37KGM,6
暢銷,6
層次分明,6
可愛,6
敏捷性,6
卻不,6
1000,6
情報,6
DVR,6
29,6
打響,6
踩,6
雋永,6
之作,6
AERO,6
美型,6
擴大機,6
0.33,6
5.6,6
RIDE,6
BSW,6
無壓,6
與側,6
鏢,6
上收,6
紫,6
侵掠,6
整,6
TOP,6
HDMI,6
寬幅,6
SS4,6
223HP,6
斷面,6
生意,6
14.5,6
更長,6
追撞,6
一筆,6
RALLIART,6
還以,6
倍增,6
2750RPM,6
壓低,6
面版,6
發電,6
SPORTBACK,6
金色,6
領軍,6
車首,6
掠過,6
147HP,6
MAZDA3,6
獎項,6
不用,6
238HP,6
流翼,6
巧手,6
映入,6
上網,6
拉桿,6
HBC,6
全套,6
炯炯有神,6
觸手可及,6
提及,6
之冠,6
LAS,6
這種,6
科學,6
著廣速域,6
不容易,6
受控,6
沒有過,6
至儀,6
屏會,6
駛間,6
右手,6
更富,6
NSFC,6
聲頻,6
NATURAL,6
NSS,6
預測,6
一席之地,6
行首,6
演,6
毫不含糊,6
53KGM,6
搖控桿,6
前氣壩,6
ETCS,6
可變齒,6
顯露,6
情,6
的將,6
所有人,6
減至,6
50KM,6
將可,6
GS300H,6
黑色金屬,6
黑下,6
增高,6
2800,6
底下,6
右方,6
更強,6
RC350,6
降檔,6
大腳,6
留在,6
時有,6
穿,6
身處,6
ALERT,6
AHS,6
伴隨,6
ASSISTANCE,6
傲視群倫,6
碟盤,6
800,6
升缸,6
ES200,6
分析,6
最常,6
原點,6
兩項,6
近乎,6
52,6
FREE,6
2800MM,6
功臣,6
EX,6
各部,6
八代,6
值得注意,6
中能,6
真正,6
鉻氣壩,6
70MM,6
排座位,6
ULTRA,6
層級,6
4X4,6
電磁,6
亮麗,6
精華,6
輪上,6
EBA,6
睥睨,6
800MM,6
涉水,6
MYFORD,6
英,6
探測,6
門車型,6
－,6
先驅,6
112,6
上升,6
輕度,6
六角,6
缸體,6
運行,6
並未,6
可用,6
一覽無遺,6
ACTIVITY,6
407HP,6
紋理,6
光環,6
不到,6
側影,6
9MM,6
130I,6
不弱,6
寬大,6
蓋下,6
2968MM,6
070MM,6
可高達,6
多用途,6
多可,6
增達,6
因全,6
共導,6
階數,6
極快,6
1M,6
衝勁,6
​,6
640D,6
160KM,6
四圓,6
轉的,6
6.8,6
31.6,6
520,6
550,6
SENSATEC,6
能源管理,6
7L,6
別緻,6
車則,6
313,6
PARKING,6
刷,6
鋁質格,6
小幅度,6
125I,6
M50D,6
TWINPOWERTURBO,6
臂前,6
款輕,6
著迷,6
LAYER,6
無時無刻,6
COMMAND,6
CORE,6
340I,6
225KM,6
精雕細琢,6
化元素,6
1996,6
SLK200,6
一律,6
毋庸置疑,6
ON,6
R350,6
身軀,6
388HP,6
W204,6
C280,6
菱形,6
高光,6
及七速,6
翼板,6
嚴寒,6
淺色,6
S600,6
近郊,6
252HP,6
7.2,6
作用,6
機件,6
三芒,6
A型,6
分層,6
送至,6
幾近,6
2800RPM,6
同為,6
自豪,6
方格,6
CLA250,6
電動機,6
棒,6
系以,6
柴,6
光纖,6
驕傲,6
槽,6
水晶,6
如頂級,6
遊艇,6
嗅覺,6
MAYBACH,6
CLS400,6
火炬,6
獵,6
W205,6
觸控手,6
寫板,6
GLE400,6
鉅,6
THERMATIC,6
尾飾,6
警方,6
SC,6
闔,6
覆,5
時下,5
今日,5
雙氣囊,5
13.4,5
之名,5
之王,5
採接,5
同門,5
根基,5
周延,5
08,5
改裝,5
的信,5
軸式,5
始祖,5
第一款,5
撒哈拉沙漠,5
精髓,5
著手,5
適宜,5
更賦,5
七種,5
有神,5
獨具,5
似,5
幾大,5
呼籲,5
這幾,5
這顆,5
139G,5
三度,5
蟬聯,5
僅須,5
高較,5
區區,5
媒體,5
稜角,5
13.5,5
TRANSPORTER,5
勝任,5
度及,5
不覺,5
24.48,5
GT24,5
直噴四缸,5
9.9,5
三段,5
影子,5
巴黎,5
電壓,5
內側,5
之感,5
AND,5
五人,5
DYNAUDIO,5
2500RPM,5
不妥,5
協,5
宗旨,5
愛好,5
或雙,5
一家大小,5
530,5
1000RPM,5
像是,5
神似,5
組由,5
眼眸,5
車帶,5
有所不同,5
所導入,5
以期,5
對主,5
愈發,5
尚可,5
可前,5
導引系統,5
車尚,5
RCD,5
行雲流水,5
四門版,5
首席,5
四缸雙,5
可使,5
40.81,5
遠遠,5
短軸版,5
BACKWARD,5
點後移,5
在車,5
窗線,5
同高,5
柱上,5
小小的,5
這道,5
劃出,5
輕忽,5
下尖,5
上圓,5
尖,5
修成,5
尖角,5
最吸睛,5
簡稱,5
INFOTAINMENT,5
BAUKASTEN,5
QUERBAUKATEN,5
橫置式,5
吸後排,5
更往,5
頭段,5
預熱快,5
EA211,5
型號,5
重疊,5
實,5
192KM,5
為單,5
212KM,5
這組,5
較輕,5
肅靜,5
化之賜,5
4199MM,5
4255MM,5
2637MM,5
則從,5
1480MM,5
略降,5
1452MM,5
COLLISION,5
確認,5
初次,5
控制單元,5
至四個,5
負,5
ADAC,5
頒贈,5
YELLOW,5
ANGEL,5
FATIGUE,5
順理成章,5
220HP,5
244KM,5
恢復,5
感性,5
485,5
SEATING,5
上車,5
後門,5
一併,5
調到,5
賜,5
舖,5
休止,5
／,5
耗能,5
半部,5
聯結,5
彎路,5
110HP,5
橘,5
承繼,5
612MM,5
濾網,5
優,5
率性,5
菁華,5
更省,5
更易,5
115,5
上鎖,5
組等,5
桿頭,5
外部,5
杯架,5
800RPM,5
後顧之憂,5
ㄧ,5
CUSTOMER,5
LINK,5
INFO,5
雪地,5
加多,5
還標配,5
虛擬,5
鏡面,5
AIR,5
自前,5
無虞,5
玩樂,5
還要,5
心情,5
政府,5
威脅,5
淺,5
四成,5
佔率,5
格式,5
改過,5
多達十處,5
式後置,5
兼手,5
機座,5
座八向,5
版車,5
型還,5
佳且,5
COOL,5
循環系統,5
141HP,5
幅,5
揚聲,5
影,5
帥勁,5
裝則,5
萬台,5
風行,5
輕而易舉,5
假日,5
17.6,5
踩踏,5
飾徽,5
桿與,5
觸覺,5
跟著,5
原,5
COMPACT,5
耐操,5
款則,5
分有,5
1TR,5
133HP,5
11.3,5
束力,5
可耐重,5
至尾燈,5
路徑,5
縮減,5
頂架,5
外框,5
不離,5
物網,5
鑽頭,5
盾型,5
倒梯形,5
替代,5
AVS,5
上山下海,5
直柵式,5
冒險,5
導,5
入原,5
基準,5
柔順,5
可感,5
10.1,5
縱向,5
世人,5
行經,5
19.6,5
775MM,5
清淨,5
閃亮,5
狀飾板,5
EXECUTIVE,5
尊寵,5
迴避,5
縝密,5
275,5
絲綢,5
附可,5
12.5,5
任一,5
曜,5
席捲,5
止,5
損失,5
HD,5
緊湊,5
單車,5
劇場,5
全等,5
直射,5
全程,5
加深,5
四周,5
席,5
利,5
稱霸,5
五幅,5
混,5
CCD,5
右前方,5
LCD,5
43,5
MR18,5
時氣,5
節氣,5
趨,5
NISAAN,5
一攣,5
生車款,5
並於隔,5
血緣,5
鉻柵狀,5
仿效,5
主調,5
銀飾板,5
廠內,5
分出,5
下為,5
19.5,5
活躍,5
青鳥,5
數十載,5
SYLPHY,5
將其,5
取材,5
編制,5
MR20DE,5
18.0,5
中實,5
大關,5
BREMBO,5
HR16,5
頂筒,5
型式,5
節約,5
衛星,5
代言人,5
五爪,5
紅黑,5
車人,5
萬,5
購物,5
軟篷,5
詬病,5
具高,5
流體,5
依然,5
高密度,5
軟體,5
緊緊,5
五大,5
重型,5
機車,5
RALLY,5
掠式,5
燈帶,5
限,5
HR16DE,5
聲光,5
具體,5
秘書,5
操,5
手中,5
大廠,5
DEPARTURE,5
13.9,5
投影,5
十大,5
獲獎,5
鏡頭,5
EXI,5
走道,5
機柱式,5
205,5
雙橫柵,5
外拱輪,5
FOSGATE,5
無尚,5
172HP,5
24KGM,5
小家庭,5
凌人,5
核桃木,5
八角,5
思惟,5
湛黑,5
黑網,5
六輻雙,5
客群,5
112HP,5
11.4,5
加裝,5
159HP,5
細密,5
此車系,5
最愛的,5
靈,5
摘下,5
附照,5
地燈,5
低扁,5
導光,5
條尾燈,5
防傾桿,5
照亮,5
充,5
並輔,5
首要,5
飾蓋,5
插電式,5
控式,5
銳角,5
AAS,5
細分,5
橫跨,5
403,5
與後廂,5
門間,5
低頭,5
頂天,5
前下,5
END,5
名廠,5
ALH,5
一体,5
MX,5
強猛,5
往上,5
繁複,5
巔峰,5
音場,5
網狀格柵,5
花紋,5
生命力,5
塗層,5
塗,5
而前,5
消弭,5
互動,5
隔絕,5
層面,5
了亮,5
即已,5
LX470,5
LS460L,5
二代,5
都將,5
立下,5
4700RPM,5
54.1,5
ECT,5
富士,5
還多,5
美式,5
205KM,5
燈座,5
局部,5
HIP,5
幕則,5
25MM,5
GS250,5
38.5,5
345HP,5
將中控,5
區與,5
小牛皮,5
木材,5
北三,5
株式會社,5
黑檀,5
刨,5
SOLUTIONS,5
INTERIOR,5
BUILDING,5
PRODUCTS,5
壓製,5
天童,5
木工,5
手腕,5
滑鼠,5
維修,5
傳導,5
箱也將,5
組改,5
為雙,5
和氣,5
點焊數,5
停留,5
內裝外,5
單環,5
IS300H,5
堆疊,5
區及,5
將遠,5
眼睛,5
勁裝,5
頂蓬,5
從容自在,5
燈罩,5
背板,5
早已,5
多孔,5
更會,5
坐上,5
單圈,5
鈦合金,5
美聲,5
業餘,5
深邃,5
溫潤,5
新導入,5
閃電,5
直上,5
自車,5
TRAFFIC,5
車資,5
訊,5
林道,5
升雙,5
電熱,5
交織,5
TRACK,5
地將,5
及換,5
LC500H,5
四大,5
SIRI,5
簾幕,5
的耗,5
發揚,5
大理石,5
行星儀,5
悠然自得,5
研磨,5
已為,5
能築起,5
層,5
合組,5
變成,5
悠然,5
CTS,5
預估,5
面版來,5
蓋及,5
柔和,5
附防,5
壇,5
添,5
疑慮,5
可無線,5
12.9,5
清澈,5
對方,5
歐規車,5
1600BAR,5
起跑,5
120,5
遊走,5
可出,5
其右,5
本車還,5
自六速,5
應手,5
護,5
低速檔,5
WILDTRAK,5
ALC,5
RSC,5
HANDS,5
車時,5
回到,5
下達,5
RECARO,5
匯聚,5
極富,5
身長,5
擾,5
噴射機,5
硬度,5
PARALLEL,5
PERPENDICULAR,5
泊車,5
旅行家,5
7.1,5
車用,5
律動感,5
鰓,5
關鍵,5
狂暴,5
愛不釋手,5
420HP,5
75,5
525D,5
535D,5
讓後廂,5
盛起,5
出雙門,5
架設,5
語言,5
留下,5
深刻印象,5
款內,5
這是,5
760LI,5
含自設,5
人世,5
使換,5
梣,5
電視,5
桿的,5
支配,5
款交,5
錯式,5
屏除,5
DRIVERLOGIC,5
只在,5
須臾,5
電量,5
鉻腮狀飾,5
GLACIER,5
以鋁質,5
KANSAS,5
EXPERIENCE,5
420,5
5750RPM,5
側導,5
集結,5
劃過,5
過目不忘,5
御風,5
關篷,5
內心,5
揮灑,5
HEXAGON,5
共構,5
地劃過,5
柵式,5
用心,5
28,5
218D,5
231,5
XDRIVE40E,5
潔淨,5
EDRIVE,5
內燃機,5
控方,5
座前,5
濃淡,5
六角形,5
桌面,5
ID6,5
NTG,5
HARMAN,5
KARDON,5
LOGIC7,5
ML320,5
224HP,5
30.5,5
CL600,5
40.7,5
CL63,5
力度,5
至後保桿,5
外籍人士,5
2500,5
臉龐,5
四橫柵,5
感三橫柵,5
出洋,5
溢,5
腰身,5
無瑕,5
新共軌,5
板上,5
乾式,5
G350,5
G500,5
瞄準,5
身披,5
其四,5
車架,5
之故,5
染色,5
AIRSCARF,5
徐徐,5
吹出,5
544HP,5
釋,5
硬調,5
精簡,5
55.1,5
LIGHTWEIGHT,5
分布,5
65,5
其則,5
1950L,5
十字型,5
支出,5
一套,5
DESIGNO,5
附止,5
光碟,5
CONCEPT,5
內導入,5
並於頭,5
可與車,5
二張,5
頭枕以,5
367MM,5
86KG,5
ECONOMY,5
MANUAL,5
車輪會,5
有三個,5
標,5
械,5
尾端,5
不分,5
CLA200,5
拔,5
取放,5
鴨,5
態勢,5
3.9,5
並由,5
夜色,5
烙印,5
獵人,5
達人,5
打孔,5
476HP,5
木馬,5
WAV,5
層層,5
200GB,5
五輻式,5
OM642,5
1600RPM,5
SLIPPERY,5
GLC220D,5
200D,5
E220D,5
C200D,5
C43,5
野馬,5
REX,5
長久,4
位階,4
稱號,4
打入,4
挑剔,4
單方,4
一是,4
別具,4
框線,4
250HP,4
整體性,4
時期,4
全開,4
見面,4
車系則,4
3665MM,4
4325MM,4
2415MM,4
2705MM,4
SHIFTMATIC,4
衍,4
生出,4
族,4
1928MM,4
MSR,4
不甚,4
為六速,4
車迷們,4
最快,4
期待已久,4
台上,4
深灰色,4
現有,4
系將,4
現代人,4
推崇,4
風雲,4
KOMBI,4
變動,4
完全相同,4
超極鋼,4
難看,4
當滑門,4
或五速,4
而分,4
末排,4
210HP,4
已導入,4
廚房,4
下導入,4
208KG,4
0.38,4
0.35,4
局公,4
使人,4
作工,4
則較,4
4769X1820X1474MM,4
4771X1820X1519MM,4
由四門,4
565,4
603,4
將後排,4
1731,4
回,4
瓶,4
紅綠燈,4
送風,4
右腳,4
可離,4
略事,4
一舉兩得,4
第二款,4
1820,4
油性,4
喚醒,4
過後,4
比較,4
維也納,4
非直,4
吹,4
RCD810,4
都屬,4
投注,4
八具,4
CDC,4
軸車款,4
辦公室,4
505,4
122,4
例外,4
重置,4
隨手,4
以飾,4
暖色,4
原廠將,4
只求,4
洞悉,4
其三,4
容下,4
可單,4
個別,4
卸下,4
依載物,4
大肚量,4
載滿,4
難不倒,4
將有,4
3950L,4
無非,4
如影隨形,4
它還,4
立方公尺,4
5500,4
380HP,4
此等,4
值更,4
終極,4
一車型,4
共六種,4
條的,4
持久性,4
舊,4
EEV,4
卡車,4
巴士,4
中軸,4
平頂,4
軸高頂,4
拉力,4
官方,4
攀爬,4
油費,4
街道,4
誇張,4
10.9,4
8.3,4
世紀,4
沿襲,4
捨棄,4
PDC,4
且富,4
好手,4
懼色,4
加硬,4
精巧,4
低後高,4
擴散,4
CYLINDER,4
MANAGEMENT,4
該車,4
RED,4
三柵式,4
度極佳,4
組與,4
相結,4
以極,4
IOS,4
VOLKWAGEN,4
車式,4
將是,4
下修,4
而車,4
330,4
而以,4
企業,4
更快,4
讓車,4
MIRRORLINK,4
聲音,4
VIEW,4
保冷,4
所賜,4
相關,4
文字,4
化前,4
無庸置疑,4
125HP,4
IPC,4
福祉,4
ISO,4
輪椅,4
照顧,4
極線,4
出極佳,4
嶄露,4
AEB,4
延伸性,4
平原,4
專屬湛,4
節奏,4
230,4
BLACK,4
及出,4
戶外活動,4
洗禮,4
預約,4
挑高,4
拆式,4
粉塵,4
高溫,4
意外事故,4
16.3,4
雙柵,4
獲,4
矚目,4
落實,4
11.7,4
SPORTIVO,4
發燒,4
車底,4
自此,4
17.4,4
平滑,4
餘國,4
越野性,4
耐久品,4
及休,4
1GR,4
加減,4
如全,4
時四輪,4
出多種,4
接待,4
主控,4
採側,4
掀收折,4
出差,4
運用自如,4
轉盤,4
鋼帶,4
傳動比,4
審核,4
兩車型,4
座頭,4
CLEAN,4
各式各樣,4
得分,4
查詢,4
UV,4
紫外線,4
靜電,4
吸附,4
濾,4
網則,4
配方,4
組內,4
燈加,4
側視,4
其前,4
背上,4
整齊,4
套,4
15.8,4
入彎時,4
配比,4
新色,4
410MM,4
艇,4
四輪前,4
空力擾,4
流片,4
計以,4
炫藍三環式,4
乘員間,4
912MM,4
476L,4
最無可,4
可靠,4
不變,4
一絲,4
居,4
雲河,4
NFC,4
週邊,4
優惠,4
超值,4
及輕,4
版三種,4
漫遊,4
稱羨,4
純淨,4
圍繞,4
顯例,4
落,4
系標,4
配電,4
動收,4
折車側,4
畫素,4
用車型,4
展演,4
寶石,4
佇足,4
調降,4
固若金湯,4
震懾,4
光條式,4
精工,4
456C,4
期盼,4
商品,4
超群,4
璀璨,4
數位電視,4
無窮,4
秉持,4
激起,4
GLOBAL,4
ARCHITECTURE,4
非,4
足部,4
一鍵,4
周全,4
判定,4
源,4
吸頂式,4
泰,4
收回,4
Α,4
賣點,4
超車,4
中高,4
洋溢,4
情境,4
國家,4
QR25DE,4
同等,4
VQ35DE,4
管理局,4
15.4,4
灌注,4
巨型,4
出完,4
與後輪,4
立體感,4
太空梭,4
2690MM,4
VQ35,4
34.3,4
花費,4
數年,4
千名,4
人力,4
與數,4
億,4
經費,4
秘,4
書客,4
服中,4
資料庫,4
陀螺,4
保全,4
不折不扣,4
陸面,4
領航,4
同業,4
以太,4
空,4
DLC,4
迎向,4
風動,4
其車側,4
區塊,4
全真,4
皮,4
3.4,4
將轎,4
推進,4
檔次,4
計畫,4
車皆,4
還優,4
忘懷,4
JAPAN,4
盒子,4
7000RPM,4
機器,4
完全符合,4
FORTE,4
SUEDE,4
ROADSTER20,4
閉合,4
引人,4
一組,4
環狀,4
大容量,4
天籟,4
避開,4
日產為,4
一滴,4
吸震,4
粗曠輪,4
多頭,4
MOTO,4
TVS,4
新潮,4
門板,4
車與,4
榮耀,4
背部,4
腰椎,4
骨盤,4
FI,4
三具,4
3C,4
車規分,4
SHARP,4
大包,4
180MPA,4
步行者,4
性算,4
0.39,4
555L,4
防水,4
疲倦,4
介,4
面上,4
雙開式,4
微電腦,4
BLIND,4
SPOT,4
MOD,4
前座雙,4
感紓壓,4
熱潮,4
熾,4
豔,4
魅麗,4
MICRO,4
切削,4
翼,4
及雙,4
安全距離,4
反映,4
07,4
五連桿,4
21.8,4
參與,4
戰績,4
博得,4
獨門,4
規車型,4
得宜,4
希望,4
級車,4
INSPIRE,4
巡弋,4
則導入,4
皮布椅,4
輕休,4
最完,4
並具,4
魅惑,4
板及,4
後車,4
使車,4
更勝一籌,4
123,4
雙棲,4
使車款,4
成名,4
沙漠,4
譽,4
波,4
單調,4
堅固,4
跨越,4
TRIBUTE,4
人來,4
敷,4
洛杉磯,4
升五門,4
楔形,4
也將,4
火紅,4
JOY,4
統整,4
齊一,4
HVAC,4
擔心,4
熟女,4
寫照,4
103HP,4
1039KG,4
遊刃有餘,4
圈,4
俏皮,4
黑底,4
操作控制,4
剩餘,4
飾板並,4
外黑,4
兩只,4
銀質,4
耳環,4
人身,4
預算,4
之翼,4
一分,4
95,4
動物,4
驅車,4
氣密性,4
組件,4
獵豹,4
把關,4
陣列,4
近光,4
此類,4
拉高,4
柱後移,4
順應,4
出如,4
至車側,4
出具,4
不易,4
回應,4
將讓,4
VEHICLE,4
寫,4
208HP,4
起為,4
身負,4
起打,4
擊,4
重責大任,4
馬虎,4
GS460,4
生力軍,4
第三款,4
交相,4
一番,4
更年,4
7.8,4
賽場,4
270KM,4
木,4
10.3,4
不亞,4
衛且,4
除尾,4
光儀,4
在手,4
套箱,4
區的,4
儘,4
外接式,4
移到,4
扶手箱,4
更廣,4
WIL,4
頸椎,4
大行,4
299,4
32.3,4
認定,4
277,4
188,4
馬鞍,4
暮雲灰三種,4
高要,4
求,4
身車,4
箭形,4
日型,4
溫控,4
引入,4
超跑級,4
收集,4
更棒,4
側內置,4
積簾式,4
CHAMBER,4
球體,4
橫置,4
比高,4
滾子,4
時程,4
三向,4
5700RPM,4
17.1,4
軟硬,4
以駕,4
出不需,4
質材,4
悉心,4
在乎,4
聰穎,4
逆旋止,4
滑置,4
太陽眼鏡,4
盒,4
仕女,4
巧妝鏡,4
銘印,4
按壓,4
指間,4
噴,4
擾流翼,4
SPORTY,4
下護罩,4
左右分,4
連帶,4
深沈,4
則擾,4
實質,4
純黑酷,4
炫車,4
頂搭,4
加乘,4
99HP,4
減震器,4
管中,4
時分,4
響,4
鳴器,4
爆發力,4
勇,4
態度,4
攜帶,4
出風,4
膠合,4
波及,4
RC200T,4
人因,4
復古,4
LSS,4
毫米波,4
四項,4
砂地,4
冷,4
木質,4
GS200T,4
啟發,4
54KGM,4
35R19,4
琥珀,4
植入,4
學,4
更甚,4
流器,4
當手,4
釋出,4
微,4
第八代,4
再加,4
微傾,4
同感,4
1.3,4
88HP,4
14HP,4
1500C,4
合併,4
當在,4
提出,4
ECOLOGICAL,4
IHSIGHT,4
GUIDANCE,4
SCORING,4
計分,4
單靠,4
培養,4
上乘,4
第九代,4
蘊底,4
躍昇,4
前題,4
入選,4
美譽,4
1500MPA,4
780MPA,4
部位,4
嚴謹,4
歐,4
日中,4
大房,4
相應,4
呈獻,4
MA,4
ELR,4
LANEWATCH,4
支高,4
化觸,4
3900RPM,4
中加,4
具體化,4
除車室,4
隔音材料,4
以達,4
本田,4
以頂級,4
樹脂,4
SOLID,4
WING,4
裝上,4
凝聚,4
環節,4
以廣面,4
善盡,4
利器,4
LANEWATCHTM,4
12.6,4
DURATECH,4
輝煌,4
純德系,4
了雙,4
運動員,4
炫銀,4
忽視,4
96,4
13.06,4
DURASHIFT,4
門正時,4
15.50,4
此一,4
NBX,4
亞太區,4
精益求精,4
備等,4
無車,4
豪邁,4
鉻橫,4
孔洞,4
文武兼備,4
職場,4
生活型態,4
打就,4
1900,4
想見,4
將更利,4
存取,4
睿智,4
一聲令下,4
相容性,4
存放,4
皮卡,4
47.9,4
簡訊,4
俱備,4
其身,4
懷,4
18.4,4
轉起,4
緊追,4
16.6,4
14.3,4
籠狀,4
KINECT,4
前保,4
觀感,4
菱格紋,4
側翼,4
體型,4
偕同,4
寶藍色,4
可及,4
壯闊,4
星耀,4
樣車色,4
款車色,4
供準,4
1765MM,4
缺席,4
租賃,4
車間,4
式後軸,4
低且,4
力量感,4
切割,4
揚,4
至後車,4
幹練,4
流板,4
門框,4
意見,4
對儀,4
內飾,4
鞍部,4
水瓶,4
車內靜,4
音品,4
地毯,4
內襯,4
性提,4
新高,4
CHOICE,4
相媲美,4
全鋁,4
輸送,4
令該,4
編程,4
四年,4
INTERNATIONAL,4
YEAR,4
將成,4
248,4
勞斯萊斯,4
快上,4
電器,4
而待,4
公認,4
空窗,4
REACTION,4
WINDOW,4
順服,4
合成物,4
TRANSITIONAL,4
STABILITY,4
ETS,4
更早,4
因應措施,4
失衡,4
高時,4
尤為,4
昂貴,4
EAPA,4
掃描,4
入位,4
借助,4
超聲波,4
感器,4
CTA,4
OUT,4
可夠,4
受駛,4
困擾,4
霧化,4
步,4
機率,4
座標,4
援助,4
EMERGENCY,4
不遑多讓,4
50I,4
一記重,4
1999,4
氙,4
嵌入式,4
停駐,4
無可,4
630I,4
見到,4
龐大,4
狹長,4
325I,4
化生,4
洋,4
溢出,4
表達,4
自當,4
140MM,4
界面,4
七項,4
短短,4
天然,4
XDRIVE23D,4
理想,4
559MM,4
無上,4
匹德制,4
懸載,4
123D,4
性之間,4
VNT,4
檔之間,4
宏偉,4
推力,4
退檔,4
SDRIVE28I,4
一汽,4
5007MM,4
1894MM,4
低掠,4
踏下,4
血脈賁張,4
嚮,4
DAMPING,4
下可將,4
則將會,4
省下,4
69.4,4
可上,4
305KM,4
聯網,4
143,4
N20,4
風馳電掣,4
斷,4
導管,4
BMWZ4,4
觀內裝,4
離可折式,4
滿五人,4
當坐,4
五位,4
天生,4
不一樣,4
疑,4
70KM,4
傲視群雄,4
全載,4
4886MM,4
1938MM,4
2933,4
1870,4
75.5,4
新星,4
XDRIVW28I,4
距車款,4
胎皆列,4
夾制,4
1670,4
儲藏,4
而側,4
邊方,4
燈現,4
車外後照,4
表述,4
BASIC,4
杯架則,4
時則將,4
是將,4
ASSITANT,4
偏航,4
潛在危機,4
無憂,4
地往,4
440,4
3070MM,4
1559MM,4
如原廠,4
370,4
220,4
至尊,4
220D,4
刻度,4
LAUNCH,4
輕轉,4
重比,4
例,4
水流,4
表明,4
宜人,4
218I,4
225I,4
192,4
RACE,4
單出,4
三壩式,4
柱前,4
鋼質,4
陶瓷,4
無限,4
和諧,4
燈共構,4
目光炯炯,4
款星,4
僅限,4
箱車型,4
以車,4
媒介,4
M2,4
富,4
540I,4
單腳,4
使用者介面,4
選,4
順序,4
0.22,4
除能,4
身段,4
450HP,4
M140I,4
場時,4
公園,4
顯身手,4
52.0,4
量僅,4
54.0,4
517HP,4
B200T,4
該款車,4
遠赴,4
北極圈,4
極地,4
常行,4
車下,4
油底,4
殼,4
571HP,4
36.7,4
過時,4
自四,4
不遜,4
略重,4
稍慢,4
0.1,4
化性,4
之用,4
方形,4
網際網路,4
SUN,4
REFLECTIVE,4
曝曬,4
變質,4
變數,4
盡致,4
折收,4
7KM,4
聚碳酸酯,4
淡色,4
穿透,4
200W,4
50W,4
意味著,4
二十分,4
親密,4
接觸,4
內亂,4
桿後不,4
步驟,4
暖器,4
寒帶,4
溫帶,4
氣候,4
肘部,4
31,4
辨別,4
下置物,4
旅行箱,4
827,4
排則,4
176CM,4
完畢,4
專輯,4
COVER,4
ART,4
箱下,4
三連桿,4
及後多,4
並較,4
準,4
HANDLING,4
著較,4
圈簧,4
498C,4
663C,4
435,4
之增,4
PLIUS,4
短程,4
AMG5,4
170KM,4
235KM,4
三組,4
第一排,4
C350,4
潤飾,4
透亮,4
重新安排,4
十字,4
1400RPM,4
型六缸,4
吞噬,4
其絕,4
4630MM,4
1777MM,4
1432MM,4
而若將,4
就和,4
狂傲,4
不羈,4
貫注,4
至車室,4
精挑細選,4
全為,4
旗,4
鳥瞰,4
屏幕,4
飾框,4
外圍,4
此種,4
一致性,4
全系列,4
V222,4
新生,4
叢林,4
傲然挺立,4
安插在,4
鋒利,4
強壯,4
玲瓏,4
領略,4
肩,4
強硬,4
的側,4
緣鍍,4
三條,4
則使,4
好動,4
具型,4
直效性,4
11.8,4
有底,4
跟不上,4
不安,4
容貌,4
代領,4
五成,4
100KG,4
空前,4
琳琅滿目,4
著此,4
升到,4
以為,4
排空,4
前排,4
一覽,4
585HP,4
次之,4
高頻,4
不造,4
成對,4
時時刻刻,4
雙眼,4
一舉一動,4
十指,4
WIFI,4
檢視,4
標記,4
車輔,4
助,4
週遭,4
再會,4
人頭,4
疼,4
49.0,4
到時,4
一天,4
外衣,4
風景,4
盡收,4
眼底,4
堆砌,4
旅店,4
背式,4
彎中,4
武力,4
SLC43,4
53.0,4
鋁質飾,4
不因,4
GLS350D,4
中導入,4
臀線,4
時車,4
GLE63,4
FRONTBASS,4
音波,4
或駛出,4
各異,4
挺進,4
濃烈,4
尖端,4
MMD,4
23.7,4
GRADE,4
PHV,4
耀金紅,4
4GR,4
FSE,4
尤加利,4
羊毛,4
增,4
漸,3
躺平,3
而今,3
對開,3
世代交替,3
面數,3
仍屬,3
95MM,3
傾向,3
三廂,3
觀和內裝,3
可選,3
系出,3
吹起,3
06,3
30.61,3
高出,3
強制,3
一支,3
新興,3
470MM,3
之效,3
全車還,3
出多,3
德系車,3
簡樸,3
其獨具,3
起眼,3
多幅,3
6600RPM,3
出強,3
推升,3
品牌形象,3
共三種,3
月底,3
85HP,3
無人,3
車首選,3
至汽,3
年導入,3
相近,3
28.56,3
202KM,3
3970,3
1682,3
三代,3
小家子氣,3
其開角,3
絞鏈,3
心動,3
跟上,3
算,3
4769,3
1474MM,3
之長,3
性有,3
鉻框,3
PRESS,3
晉級,3
提倡,3
210,3
EU5,3
主管,3
打瞌睡,3
先發,3
出長,3
五秒,3
鐘的,3
咖啡杯,3
會同,3
不予,3
理會,3
分鐘,3
重覆,3
暫事,3
年中,3
屬意,3
太陽能,3
需求量,3
訂做,3
擎均,3
雙離,3
面可,3
1197C,3
局實測,3
741,3
沉重,3
運輸,3
中多,3
豪快,3
這兩款,3
35.71,3
眾所,3
MR,3
KLAUS,3
BISCHOFF,3
內含,3
條讓,3
種車型,3
給有,3
指定,3
險峻,3
2H,3
4H,3
4L,3
山區,3
一剎那,3
34.69,3
接,3
32.7,3
HALDEX,3
耗油,3
著名,3
無謂,3
其源,3
側邊則,3
幾道,3
除一反,3
笨重,3
0.299,3
軌門,3
EASYFOLD,3
可折,3
平式,3
再佐以,3
巧易,3
軌式,3
其門,3
安設,3
用單,3
手並,3
懷抱,3
幼兒,3
此為,3
評比,3
性氣,3
已列,3
可比,3
177,3
化多,3
廂底,3
605,3
1620,3
德式,3
其高,3
全功能,3
42,3
危機,3
添加,3
其駕,3
停用,3
使駕,3
身姿,3
AWARD,3
180MM,3
荷重,3
扭,3
26,3
變形,3
113MM,3
積側,3
方便性,3
傾收折,3
過敏原,3
彈式,3
緩衝,3
裝有,3
另附,3
6.33,3
車胎,3
油資,3
SIDE,3
面面俱到,3
10.7,3
的頭,3
不規則,3
更輕,3
人眼,3
著極,3
五座,3
12V,3
插座,3
高齡化社會,3
身障,3
渾然天成,3
SEBRING,3
數位化,3
寫下,3
解,3
300RPM,3
電台,3
圖片,3
ADVANCED,3
開口,3
德,3
CURTAIN,3
物理,3
PROGRESSIVE,3
油然而生,3
特,3
前所未見,3
玩旅,3
艙內,3
84,3
MINI,3
一上,3
車就給,3
深下,3
2AZFE,3
之四缸,3
CARMY,3
22.8,3
擅,3
比配,3
多達六種,3
TERCEL,3
DIN,3
冷酷,3
防夾尾門,3
逐漸,3
廣達,3
早期,3
胃口,3
登上,3
全台,3
口碑,3
變革,3
足下,3
複線,3
BGM,3
氣動式,3
柱及,3
橫幅,3
井然有序,3
機會,3
本車款,3
紅內裝,3
日式,3
採防夾,3
需輕,3
門及,3
部照,3
明及,3
燈將,3
盡享,3
改換,3
明星,3
入手,3
凹槽,3
手持,3
促使,3
多道,3
三層式,3
使靜,3
肅性,3
上均,3
181HP,3
23.6,3
HSD,3
ULTRACIVE,3
205HP,3
擾流護板,3
邁向,3
新紀元,3
275HP,3
十幅,3
油車,3
4570MM,3
1670MM,3
不含,3
含車,3
5MM,3
1715MM,3
車寬則,3
1845MM,3
型塑,3
戰鬥機,3
屬車,3
橫軸,3
桿由椅,3
全平,3
一絕,3
燈色,3
澄淨,3
幕上,3
還設,3
有後,3
放,3
廂置,3
廂蓋板,3
ZR,3
AR,3
23.8,3
4100RPM,3
絲,3
毫不遜色,3
過彎中,3
時亦能,3
模態,3
當一,3
因地,3
面濕,3
兩輪,3
力亦會,3
魅力十足,3
主張,3
1NZ,3
及潰,3
縮式,3
永不,3
KDSS,3
及尾,3
讓後視,3
雙車,3
出典,3
雅,3
隨意,3
如三區,3
氣宇,3
席地,3
車之冠,3
可倒式,3
470,3
筒身,3
焊點,3
基座,3
直進,3
善用,3
一匹,3
油壓,3
有如,3
晶鑽尾燈,3
車內飾,3
雙肋式,3
動靜,3
1310MM,3
所在地,3
限量,3
MONOTONE,3
仕樣車,3
揉合,3
車機,3
18KM,3
十色,3
蘊綠白,3
檀木,3
鮮,3
橙黃,3
青蘋,3
水漾,3
瑪瑙,3
開著,3
在城,3
市裡,3
悠活,3
TECH,3
質料,3
RADIO,3
26.5,3
當您將,3
賞車,3
條自,3
含缸,3
167,3
避險,3
慢速,3
人保,3
持,3
行車距離,3
動線,3
GREEN,3
EDGE,3
NANOE,3
奈米水,3
QI,3
剛勁,3
車訂,3
炯炯,3
盾狀,3
飛翼,3
新局,3
無畏,3
勇氣,3
鉻尾門飾,3
兩席,3
積腳,3
六向,3
更採,3
藍光,3
色可調,3
不可測,3
前側,3
奔雷,3
四輪獨,3
以麥,3
胎體,3
電控,3
17.2,3
12.4,3
成方,3
內裝色,3
TNGA,3
以新,3
乘員能,3
豐田,3
狹窄,3
遙控器,3
體貼入微,3
隨車,3
鉻尾門,3
MIRACAST,3
WELCAB,3
不便,3
三代同堂,3
是非,3
”,3
原創,3
更線性,3
性並,3
2003,3
推,3
Q45,3
可控,3
ETC,3
22.9,3
挑起,3
主攻,3
重擔,3
間接照明,3
情趣,3
六只,3
氣袋並,3
體能,3
補給,3
TEANAN,3
2488CC,3
已較,3
性之餘,3
門與,3
鼎鼎大名,3
碩大,3
FAIRLADY,3
1969,3
字輩,3
蓋造,3
醒目,3
桶,3
309HP,3
吃重,3
艙則,3
256HP,3
真是,3
大賞,3
由車側,3
放射,3
晶鑽燈,3
飛行,3
環儀,3
環中,3
漸層,3
橘光,3
純白,3
MUSIC,3
獨享,3
K13,3
遵循,3
兩代車,3
車子,3
跳躍,3
揚升,3
頂上,3
獨具一格,3
奇幻,3
103.4,3
合作無間,3
80CM,3
圓狀,3
問候,3
E化,3
生日,3
紀念日,3
大小事,3
通通,3
牢記,3
傾後可,3
531L,3
DIS,3
減動,3
故能,3
NA,3
1837MM,3
感在,3
精煉,3
施展,3
185,3
飆悍,3
亦僅,3
度高,3
更做,3
版導入,3
版有,3
4SRS,3
剛度,3
防範未然,3
硬體,3
人類,3
綁,3
12.8,3
絕妙,3
此理,3
高腰線,3
精典,3
328,3
遍布,3
大部份,3
將日,3
融為一體,3
並從,3
找出,3
出史,3
七件,3
鉻霧,3
燈框,3
銘刻,3
長至,3
大至,3
793MM,3
身高,3
180CM,3
RELAX,3
體感,3
壓皮椅,3
蝴蝶,3
廂高達,3
510L,3
MRA8,3
131HP,3
18.7,3
突然,3
SAGETY,3
事前,3
上增,3
470MPA,3
診斷,3
單鍵式,3
御用,3
AUTECH,3
野,3
內在美,3
以空力,3
輻射,3
瓦,3
等結,3
合在一起,3
3A,3
TRACE,3
ARC,3
並視,3
DESCENT,3
緩步,3
穩降,3
LDW,3
MOVING,3
OBJECT,3
車側氣囊,3
706MM,3
以鷗翼,3
減緩,3
NEDC,3
16.0,3
超玩美,3
手部,3
置杯,3
納,3
英國,3
系高,3
連桿式,3
邀請,3
三合一,3
不當,3
185HP,3
鑲嵌,3
’,3
平躺,3
SPACE,3
GEAR,3
SEI,3
觀導入,3
4900,3
1875,3
1870MM,3
清洗器,3
階梯,3
輕型,3
讚許,3
及後保桿,3
4250RPM,3
想,3
1798CC,3
22.3,3
換檔鍵,3
CAN,3
BUS,3
航太,3
春季,3
丹寧版,3
車牌,3
緹,3
圖案,3
牛仔布,3
料之丹寧,3
染料,3
柔性化,3
11.6,3
已成,3
免去,3
大力,3
為後車,3
銀飾,3
神來,3
美鍍,3
視為,3
至高無上,3
之強,3
捍氣壩,3
外加,3
曲率,3
為生,3
擔綱,3
中帶,3
不可,3
五門版,3
跋山涉水,3
三門,3
雙車型,3
槍色,3
出高,3
紅新,3
MDSS,3
室拉桿,3
型靚酷,3
靚炫尾燈,3
織,3
BLUETOOTH,3
對數,3
急煞,3
大燈將,3
行走,3
路,3
電流,3
4J10,3
內還,3
烈焰,3
深黑色,3
高貴,3
任務,3
啟式,3
輕便,3
油料,3
必備,3
照料,3
49KM,3
續航,3
插電,3
用到,3
54.6,3
停時,3
27.1,3
O,3
不在話下,3
則僅,3
略有不同,3
五角形,3
其為,3
4D,3
鎗,3
插孔,3
其頂級,3
與後擾,3
廣為,3
將四門,3
五米,3
人滿,3
TAIWAN,3
助手,3
MRCC,3
SBS,3
肌里,3
蹲踞,3
伺機而動,3
躍躍,3
欲動,3
車款將,3
燈均,3
光形,3
尖銳,3
精鍊,3
自上而下,3
新車款,3
僅會,3
檔之際,3
省略,3
拉桿式,3
92,3
14.2,3
蓋內側,3
0.5,3
3CM,3
筒徑,3
油封,3
及導桿,3
九支,3
而主,3
強項,3
附後車,3
燈型,3
先天,3
4580MMX1795MMX1450MM,3
迸發,3
刻畫,3
野獸,3
主題,3
天際,3
RF,3
台灣馬,3
自達,3
布局,3
突破性,3
及門,3
FREQUENCY,3
SMOOTHER,3
時序,3
爆炸,3
叉銷,3
槌,3
不悅,3
PRECISION,3
DE,3
BOOST,3
SEDAN,3
在意,3
解析,3
門旗,3
RX400H,3
紐約,3
上衝,3
要角,3
經營,3
著其,3
少數,3
一較高下,3
394HP,3
尊容,3
先鋒,3
部隊,3
汗馬功勞,3
四輪外,3
褶痕,3
前述,3
則可達,3
捍,3
OLED,3
EDITION,3
用油,3
295HP,3
3UR,3
3200RPM,3
2200RPM,3
困難,3
構想,3
圖騰,3
便宜,3
漂亮,3
擴展,3
歐陸,3
速低,3
45KM,3
2KM,3
22.7,3
87G,3
依此,3
下足,3
工夫,3
版並,3
起身,3
觸碰,3
機搖桿,3
且當,3
戰力,3
種車色,3
點主,3
如新,3
車駕,3
第一台,3
及加,3
使前,3
化及,3
依車款,3
並依,3
低沉,3
急速,3
飆升,3
閥門會,3
平常,3
晚,3
209HP,3
25.8,3
490L,3
則因,3
425L,3
具為例,3
組球具,3
袋且,3
球袋,3
區則,3
種內,3
裝色,3
竹,3
竹子,3
東方,3
ES250,3
側的,3
交通事故,3
車內後照,3
周遭,3
同向,3
源時,3
並於該,3
消失,3
打回,3
山林,3
155,3
為賽,3
BBS,3
並沿續,3
更取,3
汲,3
耐力,3
9.5,3
一打,3
很難,3
及頭,3
枕上,3
握幅,3
大片,3
道行,3
駛時,3
單環式,3
計時,3
碼表,3
一圈,3
雖以,3
均經,3
別以,3
分界,3
補油,3
聽到,3
箱降,3
檔及,3
補油的絕,3
浪,3
超轉,3
仍會,3
軸限滑,3
係,3
心血,3
值及,3
端加,3
中速,3
時則,3
氣冷式,3
650,3
神秘,3
高跟鞋,3
管家,3
FLOW,3
房,3
SURROUND,3
悠閒,3
往往,3
專門,3
VARIABLE,3
共振,3
MONITOR,3
內向,3
眼光,3
極簡,3
泥濘,3
壽命,3
0.2,3
橫柵及,3
來令片,3
名栗,3
NAGURI,3
稜,3
光鋁質,3
紅線,3
之稱,3
風華,3
乘員均,3
幅雙,3
奈米,3
詳盡,3
12.7,3
燃耗,3
重現,3
職人,3
並存,3
STAGE,3
以輕,3
球型,3
裝的,3
機與,3
再以,3
一鉅作,3
闊別,3
來勢洶洶,3
已屬,3
長青,3
與揚,3
程控,3
則提,3
上五速,3
星宇,3
銅車色,3
連皮椅,3
雙縫線,3
制定,3
身在其中,3
到位,3
私家,3
以乘,3
切角,3
市巷,3
街,3
弄,3
SUITE,3
ROOM,3
特等,3
舒展,3
舒壓,3
被包,3
並藉,3
車最,3
臨時,3
雄壯,3
尾門飾,3
具導,3
積前,3
HAS,3
BSI,3
CTM,3
輔車,3
ACL,3
護頸式頭,3
五席,3
双前,3
175,3
傳至,3
能用,3
EXCITING,3
光滑,3
板連,3
接到,3
半身,3
廓,3
帶著,3
高感度,3
FORM,3
FADE,3
MONOFORM,3
感且,3
全長,3
懸且,3
輪弧,3
363L,3
變化多端,3
野望,3
電極,3
硫化,3
鉬,3
挽回,3
再輔,3
誤觸,3
暫時,3
空窗期,3
後退,3
傾桿,3
樣鍍,3
波動,3
穿戴,3
恰如其分,3
心境,3
流體力學,3
紊流,3
雄霸,3
線路,3
遇有,3
便將,3
進廠,3
檢修,3
俯視,3
監管,3
順意,3
車有,3
餘裕,3
判讀,3
需為,3
時行,3
伴,3
台地,3
外在美,3
CONVERS,3
字幕,3
人及,3
蓄,3
一項,3
21.7,3
則採,3
三環,3
幫手,3
8.9,3
座側,3
邊防,3
四面八方,3
望其項背,3
1850MM,3
遭遇,3
刻版,3
為休,3
鑒,3
感測,3
擺動,3
解鎖並,3
是當,3
手裡,3
WITH,3
控區,3
合適,3
光點,3
有來,3
有用,3
過來,3
無意中,3
分辨,3
利用光,3
感測器,3
放慢,3
過近,3
巡航速度,3
242HP,3
系能,3
眨眼,3
還快,3
ETVC,3
對前,3
輪之間,3
中近,3
手握,3
途中,3
絕對值,3
並高達,3
精,3
以高達,3
穿越,3
施加,3
旅遊業,3
沙地,3
暗色,3
第三方,3
點選,3
等於,3
躍躍欲試,3
8250RPM,3
507HP,3
SMG,3
DRIVELOGIC,3
尚有,3
蓋板,3
抗衡,3
六前,3
腎形,3
彰,3
523I,3
E90,3
穠纖合度,3
與後移,3
類雙門車,3
323I,3
最輕,3
最終,3
雙腎,3
打出,3
僅換,3
樣前,3
上第,3
只雙,3
噸位,3
創,3
陶醉,3
省油的燈,3
SDRIVE35I,3
BMW5,3
雙渦,3
佩服,3
且換,3
不輸,3
自由度,3
線控,3
也廣,3
飾以,3
BOSTON,3
頭等,3
自設,3
的靈,3
乘感,3
118D,3
車馬,3
百公,3
里加,3
將再展,3
車系採,3
更帶,3
條相,3
風韻,3
大作,3
正常,3
山路,3
如虎添翼,3
性皆能,3
各兩款,3
種車款,3
560HP,3
軟,3
4500,3
所用,3
結,3
合共,3
軌直,3
噴與,3
有近,3
116I,3
1310,3
受熱,3
血車,3
擁戴,3
SDRIVE18D,3
黑夜,3
四環式,3
2600,3
N57,3
更來,3
354,3
壓縮機,3
進退,3
316I,3
110KM,3
降,3
4824MM,3
1828MM,3
2920MM,3
110MM,3
81MM,3
具類,3
稍微,3
657MM,3
881MM,3
661MM,3
燈眉和雙,3
腎型,3
行李物品,3
背影,3
柱式,3
宣告,3
14MM,3
4638MM,3
1825MM,3
1377MM,3
2810MM,3
蔓,3
延至,3
對立,3
嵌板,3
貼地,3
座落在,3
彈射,3
桿向,3
排進,3
踩住,3
4909MM,3
1989MM,3
1702MM,3
雙肩線,3
2933MM,3
525,3
羅盤,3
X6M50D,3
007MM,3
392MM,3
拉至,3
頭的箭型,3
水波,3
流光,3
894MM,3
369MM,3
以層,3
疊,3
陳列,3
白楊,3
意猶未盡,3
而身,3
780MM,3
820,3
座置,3
33.65,3
附防夾,3
可加,3
120KM,3
黑帶,3
扇,3
計上,3
觸,3
GESTURE,3
接聽,3
拒絕,3
種可,3
名為,3
造形,3
0.3,3
7MM,3
也採,3
名牌,3
臺灣,3
板含,3
一觸即發,3
束緊,3
S350L,3
S450L,3
S500L,3
S600L,3
朱羅紀,3
ADS,3
已夠,3
嚇人,3
汗顏,3
有多種,3
對抗,3
1.7,3
顆之,3
需選,3
自傳,3
承中,3
317KM,3
家,3
315HP,3
G55,3
而換,3
W212,3
關聯,3
陪伴,3
山間,3
駕乘及,3
222KM,3
此七速,3
連軸節,3
潤滑油,3
此款,3
並使,3
放開,3
嚙,3
者將,3
條均,3
GM,3
朋友,3
纖長,3
燈眉向,3
2874MM,3
21MM,3
肩寬,3
此缸,3
峰,3
435HP,3
6208C,3
震撼力,3
銳,3
角化,3
維妙,3
光亮,3
神采奕奕,3
ILS,3
並更,3
附側,3
同屬,3
行為模式,3
斤斤計較,3
成效,3
200BAR,3
壓電噴,3
之時,3
537,3
81.6,3
帶為,3
200KM,3
也僅,3
LOW,3
RANGE,3
翻山越嶺,3
不可或缺,3
版七速,3
40KM,3
只消,3
窄巷,3
680,3
2300,3
播放器,3
晃動,3
柵,3
正前方,3
圓型,3
換片機,3
三顆,3
位居,3
中樞,3
地帶,3
教人,3
NECK,3
平易近人,3
2400RPM,3
中並,3
中斷,3
尾車,3
時皆能,3
天衣無縫,3
遇上,3
武器,3
一顆,3
平安,3
迎刃而解,3
二檔,3
門鑑飾,3
三橫柵式,3
星廠,3
徽立標,3
則裝,3
流以,3
領頭,3
字母,3
此賽,3
三分,3
天下,3
類比,3
其上,3
所附,3
人造皮,3
車或,3
束,3
不致,3
柴電,3
掛帥,3
20KW,3
調高,3
當之無愧,3
E200ESTATE,3
擋網,3
竟會,3
不需要,3
細看,3
這連動,3
勾槽,3
內設,3
上真,3
四面,3
695,3
塑膠,3
濕物,3
此還,3
撐開,3
小箱,3
換片,3
機及,3
貴族,3
在絕,3
城市道路,3
細長,3
590,3
1550,3
地是,3
用車款,3
CLA220,3
並可達,3
230KM,3
顯眼,3
環形,3
切入,3
SPA,3
從人,3
可向,3
43.5,3
可擱,3
腿,3
中等,3
網頁,3
天氣預報,3
新聞,3
讀寫,3
撥號,3
也備,3
轉接,3
視訊會議,3
易懂,3
已受,3
分區,3
這讓,3
十組,3
100W,3
中音,3
333,3
霸王,3
個位,3
載員,3
SL400,3
餘年,3
總長,3
5027MM,3
將此,3
倍受,3
上多達,3
94,3
顆施,3
華洛世奇,3
透光度,3
拘束,3
迷幻,3
面讓,3
沈迷,3
活性碳,3
清新,3
呼吸,3
以四種,3
風馳,3
雷掣,3
4663C,3
搾,3
455HP,3
四尾,3
管等,3
躍上,3
之巔,3
噴雙,3
輸,3
如履平地,3
收尾,3
型格,3
充分利用,3
著後掠,3
招牌,3
呼嘯,3
心中,3
化雙前,3
喧囂,3
1354,3
來回,3
之旅,3
三天,3
兩夜,3
遠征,3
稱職,3
單柵,3
大部分,3
中廣獲,3
外放,3
水漲船高,3
踐,3
毫換,3
迅猛,3
M177,3
一柴,3
日光,3
色頻,3
能源消耗,3
流影,3
美不勝收,3
附觸,3
控手,3
板將,3
以七,3
門外,3
HANDSFREE,3
當你,3
戰利品,3
滿時,3
取車,3
一伸,3
490,3
將載物,3
KGNM,3
增效,3
張型,3
折理,3
值之低,3
加添,3
面展,3
廂介,3
488L,3
547L,3
傾平,3
折中,3
附置,3
成家,3
一家,3
NGCC,3
家居,3
靈動,3
上列,3
犧牲,3
一家之主,3
過癮,3
裝扮,3
310KM,3
421,3
鉻尾飾,3
多輻式,3
奉上,3
盡是,3
KGMM,3
GLS63,3
角落,3
所致,3
霧面,3
64,3
聽力,3
停入,3
M274,3
效且,3
澎湃,3
劃破,3
積氣壩,3
區隔,3
披上,3
48.4,3
GLE43,3
供電,3
壩到,3
未因,3
分割,3
鎂光燈,3
管上,3
添其,3
多彩,3
全屏,3
4871MM,3
2850MM,3
座十向,3
座三組,3
車之間,3
專心,3
投燈,3
組導入,3
感光,3
時調,3
暗處,3
將遠光,3
燈下,3
成近,3
鏈結,3
若有,3
車禍,3
觸發,3
切斷,3
播號,3
警察,3
單位,3
告知,3
並重,3
複,3
對話,3
推展,3
將多,3
BLD,3
搶先,3
法令,3
規範,3
媲,3
35.2,3
25.1,3
組內側,3
予其,3
圈胎,3
出較,3
以車系,3
直條式,3
各處,3
潛望式,3
皆然,3
副車,3
懸臂,3
ESC,3
滿滿,3
這將,3
有史以來,3
FR,3
D4,3
續航力,3
RACING,3
DUNLOP,3
SP,3
MAXX,3
DSST,3
CTT,3
變幻,3
極盡,3
刁鑽,3
SC430,3
285HP,3
42.7,3
升高,2
即是,2
主流,2
車型還,2
的歷,2
希臘神話,2
太陽神,2
馬車,2
之分,2
W12,2
支持,2
曾一度,2
改由,2
BORA,2
師承,2
奠下,2
內標,2
EOS,2
演進,2
稱得上,2
顯見,2
取自,2
能容,2
七名,2
10CM,2
巡跡,2
末期,2
CABRIO,2
僅剩,2
帳面,2
箱現,2
車和五門,2
的則,2
柵狀,2
出休,2
旅跑,2
精良,2
256,2
224,2
廣大,2
代車型,2
將多項,2
共分,2
先後,2
榮膺,2
頭銜,2
五月,2
高安,2
精打細算,2
而長,2
3000MM,2
可塑性,2
雖非,2
當紅的雙,2
計更,2
695L,2
一口氣,2
1989L,2
4397,2
1794,2
1674MM,2
2678MM,2
太過,2
隸屬,2
側邊帳,2
野外,2
夢想,2
遙遠,2
共渡,2
1453MM,2
然是,2
那支,2
受限,2
此舉,2
號稱,2
框上,2
4534X,2
1781X,2
1504MM,2
1495,2
大小不一,2
隔層,2
20.41,2
201KM,2
綽綽有餘,2
小引,2
擎大,2
主角,2
44.9,2
縱情,2
NCC,2
擺脫,2
能成,2
低分,2
為七速,2
新建,2
構,2
後者並,2
220KM,2
貢獻,2
阿根廷,2
佳績,2
及多項,2
讚嘆,2
橫貫,2
南美洲,2
賽中,2
擔任,2
後勤,2
連最,2
驚嘆,2
BITDI,2
軸與,2
匹至,2
較大,2
多山,2
迎刃,2
有餘,2
縱橫,2
73,2
形塑出,2
甲蟲,2
一掃,2
中看,2
不中用,2
一窺新車,2
僅是,2
賣弄,2
華而不實,2
樣板,2
國民車,2
每一款,2
局所,2
實驗室,2
15.5,2
更配,2
款為,2
4384X1699X1465MM,2
2552MM,2
五名,2
區格,2
曾經,2
奪得,2
新車則,2
蓋雙,2
IMMOBILIZER,2
孰非,2
暨,2
座駒,2
非獨,2
訂製,2
增壓共軌,2
並可帶,2
私人,2
12.1,2
生活用品,2
衣櫥,2
儲物櫃,2
餐櫥,2
每樣,2
水槽,2
雙口式,2
爐面,2
冷凍,2
冰箱,2
餐廚,2
烹煮,2
用餐,2
兩位,2
下層,2
為足供,2
二位,2
床,2
起居室,2
遮光罩,2
遮蔭,2
荒郊野外,2
正副,2
側氣簾,2
中都,2
更別,2
特導入,2
受性,2
能迷,2
格柵,2
三環式,2
五五,2
312,2
1006,2
218KM,2
兼享,2
爆,2
DOT,2
靜中,2
有動,2
身材,2
520L,2
採可,2
120MM,2
652MM,2
烘托,2
簡,2
座落,2
著座,2
點能,2
短行,2
GOLDEN,2
WHEEL,2
金舵獎,2
實至名歸,2
付出,2
000MPA,2
遭,2
外力,2
時而,2
哈瓦那,2
辣椒,2
DURBAM,2
醫學,2
ERGOACTIVE,2
兼備,2
人生,2
130MM,2
35MM,2
意謂,2
人時,2
以較,2
增色,2
其長,2
短車,2
三張,2
且易,2
一座,2
將行廂,2
633L,2
857L,2
前折,2
購,2
700M,2
62KG,2
1000MPA,2
使用率,2
耐用度,2
車噪,2
蓋會,2
彈起,2
自手,2
再生,2
195M,2
216KM,2
第四,2
最適,2
電瓶,2
因素,2
關懷,2
睛,2
878,2
793,2
868MM,2
度尾燈,2
快樂,2
城堡,2
006MM,2
氣象,2
MESH,2
特製,2
CCS,2
乘員們,2
兩座,2
七座,2
處皆備,2
1395C,2
直四缸,2
900,2
比上,2
再享,2
作風,2
功夫,2
加映,2
更彰顯,2
AMF,2
BRUNS,2
坡道,2
頭背,2
附雙前,2
增列,2
各別,2
60MM,2
雕琢,2
環視,2
TRENDLINE,2
940RPM,2
現時,2
85KG,2
還增,2
DARK,2
DIAMOND,2
FLAG,2
專屬徽飾,2
SOFT,2
歌曲,2
GEN2,2
TAB,2
其觸,2
準確度,2
低矮,2
重塑,2
燈附,2
最小化,2
反向,2
調教,2
化空力,2
HONEYCOMB,2
性下,2
變身,2
回憶,2
熱愛,2
臥艙,2
VILLA,2
睡眠,2
脈動,2
220V,2
人們,2
應對,2
行為,2
行程,2
著身,2
暌違,2
97,2
WTO,2
首批,2
叩關,2
純日系,2
捲土重來,2
短期,2
內並,2
16.5,2
常青,2
跟進,2
調及,2
上還,2
絨布,2
同享,2
158HP,2
性深,2
可潰,2
縮,2
平均分,2
散,2
1997,2
六四,2
460,2
2775MM,2
年年,2
署,2
更勝前,2
水泵,2
EGR,2
預熱,2
COEFFICIENT,2
DRAG,2
0.25,2
成熟度,2
出低,2
護罩則,2
辨視性,2
取材自,2
飛機,2
機翼,2
富人,2
下放,2
275PS,2
更廣且,2
綿綿,2
不絕,2
之四門,2
TO,2
鋸齒,2
型並,2
八向,2
以炫藍,2
版外,2
並新設,2
LEATHER,2
FABRIC,2
2DIN,2
前置式,2
朝氣,2
勁紅,2
不織布,2
化三輻式,2
新設,2
提供方便,2
走,2
內門,2
雙彩內,2
壓線,2
36.69,2
201KG,2
等位,2
狀擾,2
值僅,2
物區,2
鏤空,2
一成不變,2
260,2
現況,2
幕內,2
每段,2
路程,2
牙行,2
國界,2
網二大,2
杜絕,2
99,2
皮膚,2
去除,2
異味,2
花粉,2
微塵,2
化以,2
32.28,2
大開,2
TWO,2
緣佐以,2
外擴,2
全透明,2
殼並,2
板色,2
尾燈側,2
柱旁,2
及飾,2
相間,2
比前,2
最省,2
款並,2
壩加,2
方型,2
條加長,2
頭及,2
褐色,2
深褐色,2
板裡,2
速內環,2
28.53,2
箱油,2
局美規,2
化車,2
及後擾,2
裝以,2
魅紅,2
TGA,2
抽取,2
生活資訊,2
提案,2
回廠,2
及第,2
三方,2
送水,2
補胎,2
激盪,2
三個,2
行版,2
加價,2
2550MM,2
之車,2
六種,2
近場,2
佔領,2
2NR,2
魅紅車色,2
全倒,2
編,2
入市,2
鋒芒,2
裡最,2
現號,2
FOUR,2
其低,2
26.7,2
插,2
電式,2
之車款,2
SENSE,2
七顆,2
低地,2
在在,2
誤入,2
量販,2
施予,2
並內,2
建藍牙,2
擬真,2
有感,2
PVM,2
下飾,2
俯瞰,2
串聯,2
搭乘,2
星夜,2
舵角,2
類雙門,2
基地,2
車市,2
眼乃,2
擦撞,2
20.5,2
25.4,2
堪用,2
57,2
脫俗,2
中首,2
一對,2
門對,2
單觸式,2
四格,2
玻璃窗,2
觀景窗,2
33.4,2
225,2
60R17,2
碟式煞車,2
中庸,2
技高一籌,2
車艙則,2
34.0,2
已達,2
確,2
直是,2
車水,2
脫氫,2
磨擦,2
720,2
CEFIRO,2
低風切,2
季節,2
永遠,2
不讓,2
24.2,2
4I,2
應付自如,2
當年,2
攻擊,2
火力,2
者則,2
車價,2
主因,2
年仕,2
精明,2
黑莓,2
COLOR,2
9.3,2
GB,2
BOX,2
孔可,2
POD,2
自由自在,2
將現,2
魔術,2
BIG,2
2W,2
D版,2
以三大主,2
赭紅,2
義大利,2
出科,2
六大,2
載置,2
時光,2
PM2,2
DSS,2
PLAY,2
多達,2
SUSPENSION,2
移植,2
蜂鳴聲,2
信賴,2
OD,2
悠久,2
中排,2
鋒值,2
60R16,2
38KGM,2
併,2
4B12,2
28.1,2
AECS,2
派,2
削減,2
誠意,2
鞏固,2
裝版,2
柱間,2
裝版則,2
採勁,2
灰黑色,2
4B11,2
四雙凸,2
帳,2
交通安全,2
顆星,2
中性,2
限定版,2
和同,2
159PS,2
也曾,2
OUTLANDET,2
並分,2
旅之姿,2
搭上,2
延燒,2
RVR,2
偌大,2
954X860MM,2
超大型,2
4295MM,2
僅比,2
略長,2
2670MM,2
大有助益,2
新鮮,2
觸角,2
帶狀,2
以雙前,2
粗曠,2
DIESEL,2
45.0,2
汙染,2
LANVCER,2
再臨,2
整為,2
深灰,2
開閉,2
其新,2
並因,2
增減,2
速來,2
剛中,2
柔,2
失,2
軟材,2
硬質,2
膠感,2
電繡,2
三五好友,2
成群,2
契合,2
最能,2
遇水時,2
開行,2
軌道,2
大輪,2
風車,2
橙色,2
繡,2
演變,2
大贏家,2
LCA,2
工作,2
FCM,2
常見,2
認為,2
精裝,2
嗅,2
得出,2
23KGM,2
款還,2
穩地性,2
PREMACY,2
開滑門,2
隨後,2
107HP,2
上首,2
夾著,2
各界,2
出三種,2
TSCVS,2
門等,2
103HPS,2
37.4,2
多款,2
MPS,2
裝新,2
第六,2
20.2,2
依靠,2
辛烷值,2
適用,2
污染,2
FIX,2
除將,2
面塑,2
料改,2
採亮面,2
車內則,2
同款,2
抓握,2
勝過,2
橫格柵式,2
邊條,2
微妙,2
工匠,2
之儀,2
流線型,2
合成皮,2
淳白,2
卓絕,2
優化前,2
減震筒徑,2
包住,2
貼合感,2
披覆,2
密閉,2
十,2
燈組來,2
配光,2
這一類,2
單價,2
第一個,2
含後車,2
將事,2
低鳴聲,2
車向,2
人以,2
此套,2
揮別,2
不夠,2
吸氣,2
4460MMX1795MMX1465MM,2
大造,2
1060KG,2
4600RPM,2
化換,2
結尾,2
路口,2
題,2
無懼,2
流量,2
同類,2
計與,2
紅車色,2
吸光,2
	,2
聆賞,2
1593L,2
遮板,2
DYNAMICS,2
移轉,2
接地,2
時所,2
並串,2
連起,2
為線性,2
軌跡,2
控制能力,2
ECVT,2
有長,2
LS60HL,2
上導入,2
乍看之下,2
不低,2
可就,2
所作,2
深入,2
共通,2
還換,2
黑方,2
版以,2
下巴,2
專屬後擾,2
昭示,2
完美性,2
各國,2
DIRECTSHIFT,2
423HP,2
不似,2
不強,2
數十萬,2
本地,2
深棕色,2
鳥眼楓,2
甚多,2
ES240,2
2AZ,2
轉即,2
意,2
快且,2
泛泛之輩,2
底色,2
比缸,2
20MPA,2
訂作,2
19.33,2
18.56,2
關注,2
再再,2
鋁木,2
鐳,2
雕飾,2
RX200T,2
及點,2
焊,2
超跑級造,2
心跳,2
CRUISE,2
RC300H,2
一步,2
對質,2
積御匠,2
襯墊,2
鐘更顯,2
影片,2
座雙,2
觸碰式,2
COMF,2
CUSTOMIZE,2
TIME,2
AHC,2
河床,2
CRAWL,2
緩進,2
形彎,2
OTA,2
TURNING,2
MTS,2
碎石,2
岩石,2
MTM,2
切替,2
氣冷,2
通常,2
水冷,2
帶走,2
閥,2
中產,2
生,2
換檔僅,2
一波,2
至前,2
灰黑,2
交疊,2
橫柵則,2
並於頂級,2
導流器,2
855MM,2
不須,2
簾及,2
出材,2
相異,2
卻又,2
相融,2
現,2
316HP,2
源於,2
器則,2
顯跑格,2
矢口,2
幸彥,2
令人心醉,2
藏著,2
100RPM,2
IE,2
時以,2
方增,2
加高,2
255,2
MICHELIN,2
在過,2
STANDARD,2
SLALOM,2
地獄,2
著眼,2
生命,2
外框採,2
幅葉,2
深蘊,2
星熠,2
黑三種,2
他現,2
漆面,2
指甲,2
刮痕,2
修復,2
將縞,2
木薄切,2
分壓,2
方可,2
格紋,2
桿座,2
類型,2
歸類,2
傷亡,2
此顆,2
統及,2
競合車,2
能耗,2
艦,2
新篇章,2
旨在,2
試車,2
服貼,2
生產線,2
元,2
LC500,2
既定,2
POINT,2
懸長,2
減去,2
伸,2
導流鰭片,2
聽覺,2
鐳射,2
更上,2
代表作品,2
ANC,2
日照,2
36.0,2
PEDDAL,2
不久,2
第八,2
似乎,2
偏愛,2
有換,2
可見一斑,2
TYPE,2
MULTIPLEX,2
METER,2
夠,2
擅長,2
屬,2
中制動,2
不明,2
應變,2
理解,2
休旅新,2
三柵鍍,2
領袖,2
旅思,2
維,2
夜視,2
及定速,2
倒入,2
14.7,2
11.0,2
OPDS,2
滿分,2
188HP,2
均列,2
柵欄,2
裁縫,2
窗飾,2
5AT,2
箱為,2
17.25,2
15.18,2
120HPS,2
20.1,2
見觸,2
及強,2
車中具,2
FOR,2
EVERYONE,2
BA,2
VGT,2
NOZZLE,2
DCI,2
MAV,2
後繼,2
孿生兄弟,2
觸媒轉化器,2
頭段則,2
淨化,2
S2,2
單獨,2
迅捷,2
導孔,2
有加,2
XLS,2
XLT,2
銀霧,2
趨線性,2
小降,2
5900RPM,2
TRAC,2
閥將,2
不穩,2
流竄,2
並以類,2
側門,2
潰縮區,2
ECONOVAN,2
足夠,2
去年底,2
年式強,2
硬底,2
至上,2
雙閃燈,2
力與制,2
蓋飾,2
款及,2
意向,2
美態,2
選取,2
曲目,2
FOLLOW,2
ME,2
HOME,2
熄滅,2
暢享,2
四門款,2
以類,2
不思,2
燈並,2
充分反映,2
二十一,2
觀彰顯,2
渾圓,2
緊致,2
則由短,2
懸架,2
三橫條,2
式側,2
深槽,2
輪轂,2
5351MM,2
收藏,2
筆記型電腦,2
冷藏,2
邊的置,2
物格則,2
瓶子,2
工具,2
取用,2
草原,2
旋,2
鈕式,2
二輪,2
公噸,2
皮卡界,2
山越,2
嶺,2
伙計,2
不可能,2
關鍵時刻,2
防側,2
翻,2
暢意,2
強,2
MICROSOFT,2
聲控車,2
眾,2
隨說,2
如手機,2
撥接,2
收發,2
±,2
直視,2
163,2
分導,2
35.19,2
超增壓,2
續,2
不墜,2
擠身,2
俱樂部,2
佐入,2
非線性,2
咬合,2
咬,2
並於盤,2
打死,2
於過,2
Y,2
輪框,2
掠奪,2
銘標,2
箱訂,2
首輛,2
冷車,2
熱量,2
流失,2
升溫,2
AGS,2
壩會,2
全關,2
多級,2
大眾化,2
抗噪性,2
小S,2
續寫,2
刀鋒,2
型晶,2
戲劇性,2
掛置,2
興味,2
組之內,2
累贅,2
這要,2
14.27,2
TECOSPORT,2
0.368,2
旅所,2
駕間,2
鋼所,2
籠形,2
顛簸,2
坑窪,2
暴雨,2
積水,2
大步,2
通行,2
一系列,2
性向,2
4241MM,2
1658MM,2
2521MM,2
排皆可,2
精心安排,2
化妝,2
包,2
傘,2
罐,2
346,2
705,2
打電話,2
型則將,2
39.2,2
用戶,2
339MM,2
展收,2
體恤,2
闔家,2
同樂,2
960,2
237MM,2
二驅,2
地段,2
懸空,2
銀雙色,2
鎗色,2
同色系,2
平臺,2
飾桿,2
室外,2
以現,2
氣缸,2
從氣,2
ECOBLUE,2
旅遊,2
指觸,2
頁,2
面及,2
匹及,2
蓋設,2
並為,2
上中,2
史無前例,2
35I,2
SI,2
CBC,2
並大獲,2
小上,2
嗅出,2
裙腳,2
之幾秒,2
採無段,2
下均,2
長才,2
8KM,2
到車,2
四支,2
巨幅,2
凜人,2
其輕,2
3.37,2
可算,2
拔得頭籌,2
轉型,2
援引,2
爬,2
讚賞,2
101HP,2
每一,2
裙角,2
以利,2
2005,2
裡也,2
750I,2
了車,2
線傳式,2
LOGIC,2
50.0,2
風氣,2
335CI,2
首具,2
SEIRES,2
上級,2
愈加,2
326HP,2
雖未,2
青春活力,2
SDRIVE,2
及四輪,2
就連,2
挾帶,2
造出,2
前速手,2
231KM,2
極短,2
較重,2
非軟,2
酷炫,2
下端,2
此亦為,2
驚奇,2
不開,2
來趟,2
變揚程,2
中級,2
高額,2
SDRIVE35IS,2
印證,2
5212MM,2
1902MM,2
1478,2
3210MM,2
82MM,2
採燈,2
眉飾條,2
光雙,2
勢,2
FINELINE,2
且是,2
208MM,2
988MM,2
等車,2
保括,2
670,2
彌補,2
缺乏,2
小小,2
遺憾,2
吸入,2
變式雙,2
記上,2
功勞,2
剎那,2
些,2
320HP,2
八速,2
5750,2
有源,2
自紐,2
或出,2
急彎,2
8KGM,2
現售,2
1350,2
1750RPM,2
警戒,2
重新分配,2
著新,2
544,2
76.5,2
自修,2
蓋起,2
兩柱間,2
並行,2
97MM,2
17MM,2
見長,2
SPORTLINE,2
1300RPM,2
鍛面,2
霧鉻,2
綻放,2
254,2
設限,2
含防,2
燈到,2
紅銅,2
750RPM,2
KGN,2
前手,2
系有,2
638MM,2
825MM,2
112MM,2
每一輛,2
一枚,2
以霧,2
12MM,2
480,2
敞開,2
藍天,2
而行,2
何地,2
惹,2
人妒,2
羨,2
氣孔,2
LINES,2
閒適,2
親近,2
微風,2
迴風,2
閉篷,2
藝術品,2
342MM,2
670MM,2
555MM,2
顯明,2
468,2
具等,2
BTWINPOWER,2
鉻格柵則,2
4329MM,2
唯,2
一八,2
隱喻,2
雙幅式,2
強抓,2
深沉,2
113,2
當四缸,2
作動時,2
XDRVIE40E,2
40I,2
M40I,2
高分,2
別為,2
439MM,2
821MM,2
598MM,2
53MM,2
23MM,2
六眼,2
SIX,2
EYED,2
車後擾,2
含尾門,2
36MM,2
37MM,2
真意,2
HIFI,2
車室將,2
運動精神,2
爭鋒,2
駛入,2
六條,2
19MM,2
098MM,2
軸版為,2
238MM,2
467MM,2
479MM,2
順降,2
條為,2
望去,2
壩及,2
組將,2
色飾條,2
含遠,2
低弱,2
最遠,2
射程,2
由車,2
出有,2
燈劃過,2
雕塑品,2
幾許,2
PURE,2
EXCELLENCE,2
由車底,2
羽狀,2
光毯,2
WELCOME,2
LIGHT,2
CARPET,2
踏入,2
以分層,2
顯頂級,2
將隨著,2
上達,2
輕觸,2
LI,2
菱格型,2
壓紋,2
210MM,2
舒心,2
當作,2
下載,2
總裁,2
躺椅,2
頂篷將,2
化作,2
滿天星,2
斗,2
夜空,2
箱內,2
香味,2
水晶般,2
BOWERS,2
WILKINS,2
錄音室,2
繞,2
EFFICIENTLIGHTWEIGHT,2
為例,2
碎震,2
恬靜,2
八缸雙,2
身懷,2
之全,2
TOYRING,2
汽由,2
811MM,2
429MM,2
之車型,2
車高為,2
419MM,2
加快,2
318I,2
首獎,2
560RPM,2
DRIVER,2
可提,2
觸媒,2
426HP,2
後期,2
汎,2
1450RPM,2
1380RPM,2
星輻式,2
狀飾,2
採縫線,2
經原廠,2
北賽,2
技師,2
PROTECTION,2
豎直,2
520RPM,2
便成,2
S300L,2
R500L,2
5517MM,2
趴,2
CLS500,2
師兄弟,2
514HP,2
和一,2
線級,2
CLK280,2
曼妙,2
柱的車,2
較長,2
W201,2
190E,2
MERCERDES,2
B170,2
市售車,2
＂,2
ML,2
場後,2
些微,2
初學,2
300SL,2
箱並,2
之高,2
慣用,2
1977,2
950L,2
興起,2
摒息,2
篷車,2
原廠並,2
不畏,2
酷暑,2
鷗翼式,2
開方,2
補強,2
防滾桿,2
進而能,2
軟篷則,2
纖維,2
製作,2
單層,2
制在,2
1660,2
僅較,2
頂板,2
頂款,2
照樣,2
短短的,2
頂版,2
高端,2
冬季,2
五款,2
422,2
能動,2
224KM,2
各具特色,2
登車,2
還可將,2
獸王,2
性跑,2
44MM,2
圓融,2
閃閃,2
飾板雙,2
需訂,2
化內裝,2
3498C,2
3500,2
全速,2
全力以赴,2
箱列,2
審慎,2
多片,2
新車並,2
身擁,2
闊綽,2
可一鍵,2
收起,2
開展,2
尾艙,2
提至,2
耳機,2
放映,2
對四個,2
致使,2
同型,2
產出,2
175KM,2
ADBLUE,2
G350BLUETEC,2
氮氧化合物,2
NOX,2
鎂,2
間釋,2
77.5,2
43HP,2
小鋼,2
帥氣,2
檔案,2
隨選,2
隨聽,2
341,2
倒下,2
1157,2
炫目,2
罩成,2
前軸及,2
而近,2
紅雙色,2
裡外,2
211,2
匹之譜,2
出身,2
其集,2
火花,2
化自,2
無可比擬,2
不可不,2
性時,2
控多,2
將後軸,2
行列,2
分配比例,2
因四輪,2
挾,2
備受,2
身驅,2
事業,2
果實,2
雙廂,2
引,2
豪,2
星徽飾,2
250D,2
熱與,2
廂型,2
五角,2
可開式,2
恰到好處,2
廂型車,2
以載員,2
主車型,2
金字塔,2
5140MM,2
1880MM,2
3200MM,2
八人座,2
相宜,2
LUGANO,2
感外,2
1030,2
4630L,2
905KG,2
備感,2
利用效率,2
附滑蓋,2
眼鏡,2
物有,2
燈外,2
白光,2
日耀光,2
藍三種,2
光色,2
及四向,2
幕中,2
控旋,2
鈕並,2
變,2
44.0,2
控旋鈕,2
滾,2
輪調,2
或劃,2
過山,2
本事,2
禮車,2
上的雙,2
百年,2
傳奇,2
防範,2
事後,2
潛在,2
做到,2
包裝,2
遭到,2
強光,2
回傳,2
打向,2
出彎處,2
有霧,2
返家,2
到家,2
燈眉會,2
綻,2
黃色,2
如鷹,2
凝視,2
追隨,2
眼中,2
垂墜,2
承自,2
1950,2
PONTON,2
無暇,2
魅影,2
NIGHT,2
任君,2
前掠,2
鼻翼,2
眼燈,2
黑暗,2
GARMAN,2
何等,2
做好,2
三肋式,2
波紋,2
是時,2
衣裳,2
鎧甲,2
滑塊,2
著墨,2
8.7,2
C450,2
其所,2
M178,2
HOT,2
INSIDE,2
空隙,2
UNIT,2
箱腳座,2
SLC200,2
咆哮,2
上空,2
自拔,2
九速手,2
護桿,2
S350D,2
GLS,2
大軍,2
緊閉,2
W166,2
MAGIC,2
VISION,2
擋雨,2
噴水,2
DAIMLER,2
1926,2
圖樣,2
領先群雄,2
護片,2
性中,2
因循,2
以後,2
及後擋,2
雙筒型,2
明瞭,2
屏上,2
系則,2
指扣,2
BANG,2
OLUFESN,2
更彰,2
一坐,2
進車,2
690,2
GLE250D,2
OM651,2
3800,2
1800RPM,2
則用,2
上原,2
GLE450,2
從異,2
翹,2
橫式,2
鴨尾擾,2
罩則,2
起跳,2
魂,2
7.0,2
226KM,2
1800,2
一手,2
兩車,2
含可,2
反作用,2
系導入,2
配三輻式,2
自新,2
銀水,2
箱護罩,2
自適,2
如雙門,2
美,2
蘊藏,2
0.23,2
成分,2
手機觸,2
木飾,2
積環艙,2
高水平,2
更展,2
65MM,2
6MM,2
540,2
塞入,2
多具,2
緊跟,2
撞傷,2
害,2
側撞,2
找尋,2
依賴,2
明日,2
真實,2
車型導,2
OM654,2
24HP,2
194HP,2
更達,2
G350D,2
40MM,2
身影,2
破風,2
利刃,2
切開,2
阻擋,2
無形,2
臉孔,2
兩道車,2
條與,2
根植,2
收攏,2
水平式,2
短翹,2
扁平化,2
包圍,2
度時,2
拼接,2
托架,2
窒礙,2
何需,2
猶豫,2
重裝,2
原自,2
疾速,2
下有,2
提早,2
出彎,2
因車型,2
底襯,2
黑點,2
銀點,2
高低起伏,2
更因,2
轉移視線,2
直立,2
導流壩,2
下盤,2
輪輻,2
隱約,2
露出,2
板與類,2
並循此,2
脈絡,2
雙管,2
潛望鏡,2
若要,2
坐享,2
直觀,2
極受,2
218HP,2
郊區,2
瞬息萬變,2
探索,2
再往,2
上探,2
十輻式,2
內的類,2
小跑,2
意涵,2
RENAISSANCE,2
ZERO,2
新置,2
風暴,2
短徑,2
低姿,2
分列,2
蓄電,2
135HP,2
總和,2
17.5,2
玩心,2
瞬時,2
趣味十足,2
581HP,2
SH,2
之四輪,2
車更,2
215HP,2
並立,2
導光型,2
305HP,2
以大,2
41.5,2
癡,2
如醉,2
380X34,2
Z3,2
33.91,2
布質,2
三大類,2
線由前,2
類光,2
最尊寵,2
別出心裁,2
娓娓,2
光光,2
不停,2
歇,2
極大且,2
廂載物,2
NURBURGRING,2
背書,2
成立,2
485HP,2
62.5,2
PEARL,2
平衡性,2
中空,2
經日產,2
熱熔胎,2
胎壁,2
質地,2
因胎壁,2
變型,2
振動,2
過彎及,2
珍珠,2
鮮豔,2
調和,2
崁,2
將雙圓,2
外圈,2
線形,2
四圓尾燈,2
晚上,2
俯,2
頂篷閉,2
或開,2
匠心獨運,2
或閉,2
低污染,2
加州,2
EMISSIONS,2
400RPM,2
外形,2
銀灰,2
半島,2
液晶面板,2
999MM,2
至後檔,2
電能,2
570MM,2
桿則,2
LODGE,2
絲絨,2
藍牙及,2
9.86,2
繁忙,2
需換,2
EXTENDER,2
接受,1
度日,1
紛紛,1
當紅,1
一節,1
大致相同,1
不若,1
今天,1
SHUTTLE,1
拉門,1
174HP,1
235HP,1
久,1
LUPO,1
FOX,1
擎為,1
的帳,1
據僅,1
80HP,1
壯大,1
NAPA,1
33.6,1
四代,1
張桶,1
垂涎,1
3189CC,1
這類,1
第一部,1
淵源,1
身兼,1
賴,1
喻為,1
不為過,1
共五,1
更優,1
233KM,1
五個,1
孿生,1
這兩款車,1
以小,1
博大,1
拉攏,1
名稱,1
驍勇,1
善戰,1
的遊,1
牧民,1
大要,1
素,1
4754MM,1
1726MM,1
雄偉,1
內裝導入,1
R50,1
以有,1
28.57,1
32.65,1
現在,1
35.69,1
2400,1
丰姿,1
指出,1
404MM,1
成兩個,1
蓋上,1
大異其趣,1
SELF,1
SEALING,1
穿刺,1
還可達,1
16.39,1
事宜,1
匹低,1
4407MM,1
且車,1
上下班,1
中堅,1
編成則,1
更替,1
戰局,1
不算,1
遜,1
13.3,1
拜七速,1
9.4,1
則自,1
234G,1
199G,1
有意,1
購買,1
徒呼,1
負負,1
有鑑於此,1
期,1
下旬,1
CEO,1
以德,1
制樂活,1
著稱,1
530L,1
不愧,1
度量,1
AUDI,1
S4,1
而位,1
箱之間,1
1150RPM,1
47HP,1
累加,1
59.1,1
TITANIUM,1
附腰,1
RU8,1
上半年,1
一車,1
難求,1
瘋狂,1
苦等,1
兩年,1
大石,1
一噸,1
可側,1
側坡,1
分有長,1
軸款,1
還更,1
1938,1
金龜車,1
三秒,1
鐘愛上,1
FENDER,1
42.86,1
款屬,1
1462MM,1
下則,1
附抗,1
化工,1
485.4,1
先決,1
怡然自得,1
會議室,1
以鏡射,1
全然不同,1
後影,1
分秒必爭,1
會議,1
新義,1
者回,1
頭的,1
單人,1
簡捷,1
單手,1
果嶺,1
自極,1
抗阻,1
調查,1
器作,1
當意,1
鑑,1
肇因,1
則會,1
評估,1
人行,1
莊重,1
115HP,1
將雙區,1
電子恆溫空調,1
抵台,1
銀灰色,1
前門,1
77MM,1
條亦是,1
燈向,1
黑尾燈,1
同色側,1
亮面,1
用以,1
應有,1
以個,1
含腰,1
增幅,1
615L,1
655L,1
精質,1
寫字,1
OPEN,1
CLOSE,1
尾門全,1
無礙,1
選以,1
清,1
透易視,1
加諸廣獲,1
免費,1
配載,1
統之,1
其凸,1
妥適,1
15.9,1
GOF,1
並自,1
900RPM,1
天秤,1
兩端,1
對駕,1
乘及,1
FRONT,1
更列,1
380,1
全系,1
130KM,1
代小,1
605L,1
620L,1
快適,1
導流孔,1
光頭,1
雙極線,1
堅韌,1
賦稅,1
來台,1
奇數,1
缺點,1
1976,1
之操,1
廣獲,1
盛讚,1
MILTON,1
KEYNES,1
ARTVELOURS,1
紋類,1
10HP,1
230HP,1
搭六速,1
前款,1
PRETORIA,1
攀,1
310HP,1
則來,1
或個,1
特仕車,1
仕版,1
共七人座,1
晚安,1
及後艙,1
桌椅,1
VAG,1
愉快,1
車室並,1
車迷及,1
方便使用,1
隨景而享,1
駐留,1
新浪潮,1
滿身,1
大汗,1
辛勞,1
崇尚,1
手動式,1
艙車,1
推開,1
雙人,1
床位,1
床架,1
允許,1
居高臨下,1
飽覽,1
體會,1
夜宿,1
星空,1
中伴,1
眠,1
變為,1
床墊,1
舒服,1
桌與,1
藏,1
伸縮,1
棚,1
晴雨,1
野趣,1
露天電影,1
院,1
斷電,1
享樂主義,1
具廣角,1
除霧,1
不佳,1
卻步,1
趣味,1
可辨,1
識,1
內氣,1
濾淨器,1
舒爽,1
怡人,1
炎熱,1
電源,1
則可自,1
轉之,1
稍作,1
挾著,1
登台,1
及床,1
度假村,1
最舒服,1
海灘,1
假期,1
197CC,1
50RPM,1
可乘載,1
762,1
各樣,1
並成,1
格柵式,1
構思,1
兩層,1
日規,1
款式,1
距長,1
900MM,1
2TRFE,1
VVTI,1
從初,1
77HP,1
68HP,1
揚棄,1
0.29,1
達八種,1
DTV,1
除菌,1
勁裝版,1
五件,1
136PS,1
塑鋼,1
弧和後擾,1
2TR,1
保桿外,1
之七速,1
縮編,1
受訂,1
移往,1
本款,1
車除,1
PLAYER,1
出世,1
POWERFUL,1
則換裝,1
木文,1
內裝除,1
黑灰,1
其尾門,1
310MM,1
廂及,1
極勁,1
及後霧,1
網狀式,1
黑飾條,1
七幅,1
羨煞,1
外裝,1
與類,1
交互,1
打洞,1
化高,1
性均,1
種外,1
雪貂白,1
行版及,1
化鋁圈,1
智版,1
衛,1
銀下護板,1
能彰顯,1
馳紅,1
臻,1
至善,1
以防,1
競合,1
永磁,1
18.3,1
會以,1
車內霧,1
黑飾,1
陶,1
讓出,1
遊,1
並可依,1
或全,1
風靡,1
去年,1
為止,1
累計,1
穩坐,1
750MM,1
潛式,1
不費力,1
距地,1
330MM,1
小孩,1
銀髮族,1
九大,1
即享,1
如雙,1
下潛式,1
傾力,1
TSS,1
音及,1
照相機,1
中方,1
便接,1
選購,1
智能化,1
力強,1
商,1
監製,1
黑銀,1
至尾門,1
鉻後保,1
貫連,1
大安,1
地接,1
街景,1
實況,1
所在位置,1
除高,1
畫質,1
DLNA,1
高齡,1
1035,1
泰為,1
FAMILY,1
地積,1
極向,1
母廠,1
常便,1
AVAS,1
都能安,1
心地,1
20.0,1
銀白,1
鉑爵,1
棕及,1
與時俱進,1
“,1
不二,1
張並,1
密集,1
而導入,1
削切,1
雍容,1
─,1
無微不至,1
延後,1
除導入,1
碎,1
震感,1
撥鈕,1
車之車,1
LIKE,1
將導入,1
–,1
鑽漾,1
星幻,1
黑車,1
白車,1
酷玩,1
勁馳,1
過彎側,1
除三大,1
抗扭,1
土耳其,1
MOTOR,1
MANUFACTURING,1
TURKEY,1
大生,1
產,1
每年,1
台數,1
萬輛,1
外銷,1
多個,1
共三個,1
不幸,1
MR16,1
年率,1
先在,1
隔,1
轉戰,1
亞洲,1
沈,1
區內,1
QR20DE,1
閥及,1
173HP,1
32.4,1
最大化,1
皮木,1
三環儀,1
具極具,1
以高頂,1
本市,1
家超,1
直至,1
些許,1
戰鬥力,1
VQ35HR,1
名機,1
FM,1
加載,1
中肯,1
鋼性,1
筒,1
靜化感,1
外來,1
伺機,1
而入,1
204Z,1
VQ37,1
刮目相看,1
靜肅,1
音感,1
人稱,1
仍為,1
屬長,1
升則,1
自是,1
好開,1
好用,1
國民性,1
利點,1
訂定,1
合理,1
中產階級,1
拖泥帶水,1
啊,1
前碟後鼓,1
人平,1
價的,1
值之高,1
少有,1
擬,1
花錢,1
刀口,1
神祕,1
法國,1
波爾多,1
紅酒,1
JAFCA,1
FASHION,1
AUTHORITY,1
頒發,1
成之作,1
為彰顯,1
冠以,1
之實,1
性車款,1
主體,1
登山,1
酷,1
每一場,1
感動,1
鏢型,1
多用,1
圖形,1
抵消,1
與橫,1
分力,1
力矩,1
上部,1
高價,1
日產新,1
種換,1
MR16DDT,1
可產出,1
MAGMA,1
秘藍,1
MIDNIGHT,1
色秘,1
需再,1
須用,1
左腳輕,1
16.26,1
23.02,1
鉻飛翼,1
條至,1
潛藏,1
技感,1
豪宅,1
沙發,1
絕品,1
287,1
高功率,1
優遊,1
自得,1
度並,1
攜手,1
並將造,1
大智,1
日產以,1
導光式,1
及漸,1
層導,1
光式,1
均勻,1
際,1
大手,1
可便,1
內建美,1
俄共,1
49,1
3M,1
兩倍,1
料件,1
3DB,1
STABLE,1
彈跳,1
喪失,1
平衝,1
仕樣,1
16KM,1
QR25DER,1
壓榨,1
RESONANCE,1
力鏢型,1
塑出,1
自車側,1
鷗,1
WARD,1
NASA,1
重力,1
安全係數,1
PARENTS,1
MAGAZINE,1
EDMUNDS,1
COM,1
評選,1
ICC,1
FCA,1
FCW,1
IAB,1
144,1
時作動,1
圖,1
附錄,1
華,1
出四種,1
了手,1
排車型,1
遠,1
則都,1
1640MM,1
20.7,1
CHALLENGER,1
相助,1
陡峭,1
負責,1
歷史,1
出八人座,1
EXCEED,1
全平式,1
椅則採,1
並與後排,1
連成,1
側翻,1
遠行,1
叉,1
骨式,1
圈狀,1
輕載,1
重載,1
打動,1
美規車,1
亟欲,1
架式,1
競車,1
附屬,1
客貨,1
兩用,1
灰雙,1
采色,1
銀環景,1
粧,1
而將,1
轎式化,1
年還,1
FAST,1
功,1
45KGM,1
車還,1
觀沈穩,1
載新,1
起閉,1
二排,1
用功,1
車中樹,1
立新,1
11.62,1
1985,1
備高,1
展出,1
一二,1
錯過,1
空力側,1
相形,1
大受,1
紅內,1
伯爵,1
黑內裝,1
系來,1
艷,1
冠群,1
雄,1
金兩款,1
晶玉白,1
冰鑽銀,1
銀河,1
灰多樣,1
18.1,1
歌樂,1
旺,1
售,1
服式,1
內門飾,1
珍珠白,1
飛,1
翼型,1
飾罩,1
感並,1
將內裝,1
晉升,1
12.54,1
會算,1
二合一,1
調控,1
擋頭,1
誤踩,1
八大,1
好載,1
好裝,1
懂,1
吳念,1
真,1
推薦,1
玩,1
配以,1
亮橘,1
帶電,1
打拼,1
及觸,1
防衛,1
NEWOUTLANDER,1
部品,1
安穩,1
這兩,1
享受性,1
著日,1
背車款,1
這兩具,1
女,1
323,1
升四,1
分成,1
熟,1
車內採,1
助威,1
展露出,1
飛掠,1
體後段,1
凸出,1
雙肩,1
MITS,1
其五門,1
認出,1
全心,1
106HPS,1
車型換,1
款高,1
前下擾,1
版車款,1
改採型,1
動版,1
動化,1
動桿,1
2875MM,1
13CM,1
載時,1
487,1
整組,1
1345,1
不全,1
拖拉,1
拖動,1
影片格式,1
牙音,1
樂,1
WI,1
熱點,1
分享,1
6250,1
攀升,1
含括,1
DRUVE,1
CHASSIS,1
均衡性,1
154HP,1
不一定,1
無損,1
比降,1
15.2,1
屬相,1
153HP,1
重啟,1
時會,1
掃氣,1
扣,1
SKYACTIVD,1
KODA,1
美形,1
星及,1
汽囊,1
座四向,1
階,1
口中,1
19.0,1
FOW,1
障礙,1
至七人座,1
名列前茅,1
驚訝,1
疑問,1
高底,1
較佳,1
絕大多數,1
輕取,1
22.2,1
新選,1
前伸,1
狩獵,1
蟄伏,1
進取,1
靈性,1
呼之欲出,1
盯,1
獸性,1
野性美,1
上轉,1
飛揚,1
車頂後緣,1
戰機,1
如機,1
翼展,1
放射線,1
噴發,1
翱翔,1
人機,1
頂點,1
並往,1
灑落,1
一側,1
副手,1
席則,1
人因工程,1
注音,1
測速,1
照相,1
實景,1
2D,1
使行,1
SKYACTIVE,1
新話,1
起至,1
FASTBACK,1
構形,1
拜輕量,1
追風,1
之餘亦能,1
棕色,1
其車型,1
自魂動,1
緊實,1
五點式,1
亟具,1
龐然,1
不符,1
精實,1
液冷,1
課題,1
消除,1
爆震,1
標榜,1
現實,1
10.8,1
澳洲,1
ANCAP,1
評等,1
里程碑,1
WINDSHIELD,1
前檔,1
職人匠,1
去蕪存菁,1
減法,1
款應,1
褶線,1
晶艷魂動,1
將職,1
執念化,1
原料,1
噴塗,1
匠,1
感導,1
入車室,1
從儀,1
邊飾,1
繁瑣,1
對策,1
耐震,1
久坐,1
疲憊,1
門作動,1
性過,1
風琴,1
使握,1
操作性,1
多管,1
人車間,1
須,1
挪至,1
陷入,1
壓鑄,1
時段,1
全天候,1
預應性,1
AUDIOPILOT,1
CENTERPOINT,1
十支,1
中享,1
半段,1
贅,1
冗,1
沉悶,1
多以,1
後重,1
以短,1
款較,1
不惜重金,1
維護,1
隱私,1
占有,1
系亦導入,1
項靜音,1
前座側,1
間隙,1
另人,1
統的,1
悉以,1
快速道路,1
走走停停,1
沉著,1
鋼鐵,1
為魂動,1
由名,1
周密,1
4470MMX1795MMX1465MM,1
艦型,1
兼修,1
本車將,1
氣簾列,1
多所,1
棕黑,1
減音,1
扎實,1
RX300,1
RX330,1
延,1
伸向,1
34.9,1
3.3,1
268HP,1
123KW,1
34KGM,1
有利於,1
2730MM,1
已獲,1
更深,1
VERTEX,1
小針美容,1
電,1
壯碩,1
寬達,1
1970MM,1
勇者,1
工研院,1
那附,1
公開,1
16.34,1
升附,1
另導入,1
首發,1
其超,1
引頸,1
45MM,1
SPOTR,1
僅導入,1
由後角,1
自尾門,1
橫展,1
振翅高飛,1
勢將,1
用手,1
提有,1
用腳,1
790MM,1
軸線,1
IPS,1
做工,1
253MM,1
已臻,1
313HP,1
安定性,1
轉域,1
出令,1
鋁圈則,1
極競真,1
鋁飾,1
將小,1
CRASH,1
RADAR,1
25KM,1
不擾,1
低頻率,1
175HZ,1
233HZ,1
採輕,1
車又更,1
藍圖,1
率領,1
度近,1
百分之百,1
晶透,1
鼓動,1
欲望,1
外凸,1
上將,1
座則,1
500H,1
窺,1
尺徑,1
分段,1
切面,1
縫工,1
內皮,1
革縫線,1
縫製,1
頭飾,1
摒棄,1
僅以,1
人造,1
空間美,1
職,1
人工,1
藝亦,1
愛,1
知縣,1
豐田市,1
町,1
工廠,1
嚴選,1
共同努力,1
職人以,1
高亢,1
消音器,1
首,1
見於,1
於雙,1
不自覺,1
多段,1
特定,1
140KM,1
GA,1
回歸,1
慣性定律,1
臀點,1
膝點,1
KNEE,1
推移,1
出前,1
在後軸,1
間接,1
塔,1
內板,1
內板則,1
48,1
或來,1
而雙,1
而使,1
做得,1
後腰,1
身為雙,1
分亦採,1
LEXUSSAFETY,1
點式,1
PUH,1
斜切,1
窄,1
由側,1
切至,1
黑空力,1
網格導,1
角度看,1
總能,1
懾人,1
細細,1
感較,1
乘員以,1
EYES,1
免視,1
HEY,1
撥號並,1
高品,1
質的,1
聲道,1
CST,1
同軸,1
中高音,1
相位,1
指向性,1
鐘及,1
外環則,1
疊合,1
鋁板,1
蝕刻,1
異,1
由裡,1
外均,1
下會,1
能右,1
平移,1
塑形,1
離心力,1
汲取,1
軸則,1
高成,1
並於前,1
不啻,1
重手,1
均將,1
最早,1
銷量,1
GX,1
DPS,1
歲月,1
這兩種,1
一年,1
計的,1
各有不同,1
年繼,1
HONDAD,1
接獲,1
訂單,1
必然,1
威嚇,1
91.9,1
再創,1
催生作用,1
14.8,1
中極,1
並可無線,1
ELITE,1
前瞻性,1
想法,1
界限,1
美麗,1
顆低,1
燈座飾,1
浮出,1
最全,1
七大,1
更輔,1
SEAT,1
其成,1
220MM,1
TALL,1
UTILITY,1
縱深,1
636MM,1
830MM,1
自行車,1
LONG,1
性佳,1
全車款,1
輕輕,1
撥起,1
出以,1
輕柔,1
143PS,1
11.23,1
16.55,1
13.10,1
強打鉅作,1
WRC,1
專長,1
崛起,1
新秀,1
車等,1
SEQUENTIAL,1
箱可選,1
商車,1
貨車,1
老闆,1
100HP,1
VTG,1
小貨,1
小眾,1
貿易商,1
少量,1
WE,1
TOUGH,1
口號,1
休旅風,1
1983,1
三橫柵,1
11.5,1
FIESTA1,1
議,1
議新,1
跨界休,1
旅發,1
產業,1
已採,1
翻越,1
離去,1
一輛,1
艱難,1
艱困,1
當行,1
迎戰,1
險惡,1
WILDTRACK,1
阻隔,1
39.3,1
41.3,1
以多項,1
4DB,1
其噴油,1
孔徑,1
微米,1
錐形,1
孔壓,1
電式噴,1
鏡像,1
微粒,1
賓至如歸,1
踏腳,1
長期,1
飯店,1
業者,1
及大,1
RSCTM,1
ANDRIOD,1
之機型,1
MAPS,1
SPOTIFY,1
打及,1
回撥,1
未接,1
聽取,1
留言,1
回覆,1
噸,1
導入雙,1
盾,1
攫取,1
孔及,1
低伏,1
樣尾燈,1
過目,1
指掌,1
費力,1
優化並,1
全體,1
航空,1
工業,1
鎖,1
ADVANCETRAC,1
™,1
鎖也,1
將無,1
法由車,1
幼童,1
超智,1
12KM,1
以儀,1
KEEPING,1
AID,1
報案,1
專線,1
繫,1
MYKEYTM,1
以聲控,1
複製,1
可圈可點,1
182,1
LGM,1
蜿蜒,1
38.0,1
習性,1
高速路,1
高耗能,1
搶,1
於今,1
條在,1
慣,1
NEVADA,1
凡,1
ADB,1
車迷來,1
庸,1
置疑,1
傑作,1
狂熱,1
口及,1
過重,1
並徹底,1
廂上,1
左邊,1
容載,1
集氣箱,1
級別,1
款限滑,1
輪循跡,1
動態平衡,1
裡佔,1
中散,1
發著,1
獨具且,1
化繁為簡,1
一處,1
飾面,1
環飾,1
和類,1
塗裝來,1
一頁,1
760I,1
4.82,1
具換,1
辦到,1
裡和,1
歷來,1
所欲,1
550I,1
盛行,1
服役,1
期以,1
原已,1
早,1
蓋劃,1
過前,1
出比,1
多寡,1
1385,1
320CI,1
325CI,1
330CI,1
喜歡,1
61.1,1
45.8,1
隨著略,1
交集,1
白相,1
四環,1
及眉燈,1
輕質,1
需輕觸,1
法則,1
改稱,1
XDRIVE25I,1
XDRIVE30I,1
4820MM,1
也不見得,1
使創,1
其將,1
142,1
公克,1
有三種,1
SDRIVE23I,1
直六可,1
佳話,1
N54,1
大進,1
消耗率,1
試跑,1
聯繫,1
00KM,1
有四種,1
直四可,1
再上,1
其小,1
改款後引,1
近名,1
升汽,1
EDC,1
BUTTON,1
MDRIVE,1
340HP,1
速可達,1
173,1
克,1
得知,1
儲,1
兩樣,1
自成一格,1
同源,1
雙生,1
輸輸,1
一小,1
軸兩種,1
二種,1
9.0,1
一號,1
BMW6,1
經抗,1
熱處理,1
過熱,1
威力,1
ESTORIL,1
條貫,1
字形,1
採分,1
層式,1
昏暗,1
條將,1
SPHERIC,1
刻印,1
AMIDO,1
METALLIC,1
PLUG,1
362,1
58.1,1
575HP,1
330E,1
88,1
．,1
M760LI,1
610,1
750LD,1
目,1
前台,1
灣,1
936MM,1
29MM,1
868,1
479,1
975MM,1
迎面,1
反轉,1
件工,1
實幹,1
練,1
而異,1
無意間,1
組在,1
吸音棉,1
吃力,1
交談,1
手提,1
易用,1
更便,1
將手,1
機無線,1
僅需將,1
手機平,1
放在,1
BWM,1
SYNTAK,1
鎖住,1
TWINSCROLL,1
DOUBLE,1
34,1
SCR,1
還原,1
轉發,1
揮,1
BREATHER,1
M550I,1
F10,1
MERINO,1
其多處,1
192HP,1
軟頂,1
敞篷版,1
主推,1
迷們,1
W124,1
W210,1
W211,1
2854MM,1
E200K,1
E280,1
E320,1
供選,1
DTM,1
FIA,1
GTR,1
CLK200K,1
縱置式,1
24.4,1
193HP,1
染上,1
談到,1
漸起,1
上略,1
GLK280,1
乘以,1
起運,1
動跑,1
GULLWING,1
肋條,1
明白,1
置式,1
M159,1
6800RPM,1
4750RPM,1
2.84,1
機艙,1
365MM,1
WARM,1
SET,1
升檔,1
指數,1
SLK300,1
1979,1
不改其,1
素有,1
活化石,1
換,1
上新世,1
稱之為,1
部門,1
裝了,1
直奔,1
死對頭,1
專美於前,1
侏,1
儸,1
紀,1
特仕,1
不可多得,1
COMPACTSUV,1
年小改,1
二款,1
雙車款,1
116HP,1
過全,1
巨作,1
車高至,1
307MM,1
三段式,1
附手動,1
僅獨輪,1
受阻,1
單輪,1
凸點,1
捷,1
置放,1
由尾門,1
隔網,1
活上,1
費,1
盡心,1
思,1
23.5,1
之三,1
層頂級,1
隧道,1
洗車機,1
清潔,1
作動僅,1
390,1
還加載,1
AIRCAP,1
帽,1
外框緣,1
葉板,1
頭枕間,1
風噪,1
肩頸,1
四季,1
36,1
春夏秋冬,1
每天,1
季,1
皆宜,1
稀薄,1
供給,1
250RPM,1
86MM,1
車高則,1
46MM,1
高座,1
姿,1
愈,1
1050MM,1
538MM,1
486L,1
1545L,1
投以,1
人聯,1
想到,1
桿與換,1
被視,1
共導入,1
EBLUEEFFICIENCY,1
DOOR,1
運,1
觀點,1
擷取,1
2600RPM,1
ML400,1
採缸,1
噴渦,1
雙輪,1
ML250,1
將出,1
力上,1
585,1
加碼,1
350NM,1
標明,1
安置,1
一再,1
星家,1
印記,1
每處,1
前擾,1
且後掠,1
兩道鰭片,1
極短前,1
極長,1
軸處,1
53,1
內藏,1
燈與後霧,1
再展,1
以六個,1
鉻飾環,1
CM,1
360KM,1
表與,1
表彰,1
將握,1
此處,1
分門別類,1
左側,1
由上至下,1
而定,1
缺少,1
將駕,1
填充,1
瀰漫,1
著賽,1
薈萃,1
奪冠,1
MAN,1
加速度,1
壁,1
NANOSLIDE,1
鍍層,1
蓋則,1
ZIRCONIUM,1
ALLOY,1
鋯,1
耐熱,1
耐腐,1
蝕,1
聯結車,1
破壞,1
6250RPM,1
速雙,1
境地,1
僅重,1
233.3,1
小巧,1
輕上,1
10KG,1
備用,1
劃線,1
390MM,1
與後單,1
當閥,1
最美,1
秘密武器,1
先,1
前所,1
6000,1
立足,1
塑型,1
以霧面,1
並於車,1
鹵素,1
並備,1
重度,1
3430MM,1
5370MM,1
1890MM,1
九人,1
1410,1
5010,1
2143,1
坑洞,1
因人,1
疏失,1
骨盆,1
R172,1
法之際,1
新面貌,1
入前,1
與絕,1
美質,1
將硬頂,1
時半,1
景色,1
與賽,1
無盡,1
堆積,1
沈醉,1
聲中,1
中滿,1
由換,1
威震八方,1
甲冑,1
上彰顯,1
狀氣壩,1
鉻鰭片,1
尾飾管,1
黑輕,1
串連,1
見解,1
形導,1
流翼版,1
骨子裡,1
留著,1
血液,1
翼狀,1
致敬,1
細紋,1
壞了,1
興致,1
關上,1
硬篷,1
外界,1
關蓬,1
34HP,1
最頂,1
5130,1
1934,1
踏著,1
SMARTPHONE,1
INTEGRATION,1
中無縫,1
3075MM,1
通道,1
關門,1
295,1
逐步,1
天賦,1
上身,1
縱格,1
壩以,1
同色翼狀,1
描繪,1
聞風喪膽,1
銀箭,1
下力,1
山河,1
軸之,1
第二名,1
旅車型,1
坐擁,1
有此,1
密封,1
膠條,1
C座,1
中流,1
露,1
上雙,1
瀑布,1
時髦,1
區別,1
以亮面,1
則換,1
2873MM,1
將置物,1
門功,1
無垠,1
以多,1
滑順,1
更助,1
配至,1
A200D,1
削去,1
247KM,1
強了,1
出專,1
SUC,1
將單柵,1
底,1
襯銀點,1
覆上,1
一如,1
莫屬,1
與後軸,1
69,1
雙格柵式,1
燈則,1
古銅,1
金車色,1
走入,1
無縫,1
車型編,1
GLA180,1
GLA200,1
壓軸,1
壓鎮,1
M133,1
麻辣,1
鉻前,1
四道,1
直,1
瀑式鰭片,1
味,1
彩繪,1
AERODYNAMICS,1
流下,1
W213,1
E43,1
401,1
化合,1
以十輻式,1
出跑格,1
作家,1
不濟,1
措施,1
煩惱,1
DISTRONIC,1
測距,1
跟車,1
側風時,1
2939MM,1
胃納,1
可有,1
640,1
再將,1
內置物,1
雙杯,1
置物袋,1
置物網,1
皆將,1
觸動,1
奢豪,1
紳士,1
不敗,1
於車,1
操縱,1
積飾板,1
躍升,1
123MM,1
18MM,1
34MM,1
38MM,1
有所增加,1
74MM,1
大眾,1
四人,1
同遊,1
存,1
幻想,1
67MM,1
68MM,1
盛名,1
此項,1
橫越,1
入庫,1
驚艷車壇,1
配列,1
尤以,1
不等,1
COUP,1
É,1
光型,1
B200D,1
車廠,1
總是,1
背道而馳,1
不上,1
124HP,1
17.0,1
1195KG,1
車應,1
21.0,1
方向不同,1
畫,1
上等,1
號的,1
後續,1
MUGEN,1
統合,1
以熱噴,1
鑄造,1
在世,1
空氣動力學,1
攻略,1
度角,1
直驅,1
右前,1
36HP,1
TMU,1
308KM,1
ESB,1
伺服,1
轉子,1
轉軸,1
推送,1
總泵,1
做動傳,1
送到,1
浮動,1
夾具,1
QUIET,1
制動性,1
激渴,1
奔向,1
淬鍊,1
群,1
SENSING,1
乘駕,1
周邊,1
等七大,1
用雙,1
能降,1
最少,1
感與,1
板順著,1
嚐,1
試,1
雖屬,1
APPS,1
PONY,1
皆屬,1
DOWNSIZING,1
53.9,1
54,1
SELECTSHIFTTM,1
GRABBER,1
LIGHTNING,1
WHITE,1
PLATINUM,1
44KGM,1
超短,1
移,1
地面,1
近似,1
簡明,1
引人矚目,1
該據,1
DDC,1
DIRECT,1
STEER,1
可信,1
賴的,1
有鑑,1
殷切,1
授權,1
將全,1
LE,1
AUTHENTIC,1
標示,1
操作界面,1
MHL,1
寂靜,1
溫柔,1
SIENA,1
FKS,1
299HP,1
上以,1
110V,1
家用,1
滿充,1
若使,1
排程,1
預設,1
離峰用電,1
費用,1
焦慮,1
109.9,1
NO,1
PRIUSP,1
64KM,1
往返,1
耗費,1
135KM,1
車為,1
MIRAI,1
伏後翹,1
亂流,1
以緞,1
面鍍,1
向外,1
將尾燈,1
組以,1
廠車,1
幕並,1
盤徑,1
362MM,1
SACHS,1
530HP,1
增壓值,1
擾流板,1
中新,1
它換,1
GT600,1
METEO,1
FLAKE,1
石黑及,1
AURORA,1
FLARE,1
焰光,1
東瀛,1
戰神,1
英姿,1
545HP,1
64KGM,1
到僅,1
2.8,1
400M,1
10.6,1
稱,1
其雙,1
撥叉,1
飛輪,1
MOTUL,1
低溫,1
岐管並,1
且將,1
含鈉,1
金屬元素,1
振奮,1
SPEC,1
可體,1
新紀錄,1
重工,1
軸心,1
噴嘴,1
下能,1
潤滑,1
補油時,1
下鎖點,1
調型,1
偏心,1
螺絲,1
從事,1
AMBER,1
四行,1
程缸,1
208PS,1
身價,1
參戰,1
紀念,1
號召,1
夢幻,1
鋁鎂,1
72,1
700,1
552,1
325KM,1
拉升,1
之快,1
58,1
北環賽,1
在座,1
一改,1
大都會,1
零碳,1
型態,1
300KM,1
